-- phpMyAdmin SQL Dump
-- version 5.2.0
-- https://www.phpmyadmin.net/
--
-- Host: 127.0.0.1
-- Generation Time: May 28, 2023 at 04:43 PM
-- Server version: 10.4.25-MariaDB
-- PHP Version: 8.1.10

SET SQL_MODE = "NO_AUTO_VALUE_ON_ZERO";
START TRANSACTION;
SET time_zone = "+00:00";


/*!40101 SET @OLD_CHARACTER_SET_CLIENT=@@CHARACTER_SET_CLIENT */;
/*!40101 SET @OLD_CHARACTER_SET_RESULTS=@@CHARACTER_SET_RESULTS */;
/*!40101 SET @OLD_COLLATION_CONNECTION=@@COLLATION_CONNECTION */;
/*!40101 SET NAMES utf8mb4 */;

--
-- Database: `e-commerce`
--

-- --------------------------------------------------------

--
-- Table structure for table `failed_jobs`
--

CREATE TABLE `failed_jobs` (
  `id` bigint(20) UNSIGNED NOT NULL,
  `uuid` varchar(255) COLLATE utf8mb4_unicode_ci NOT NULL,
  `connection` text COLLATE utf8mb4_unicode_ci NOT NULL,
  `queue` text COLLATE utf8mb4_unicode_ci NOT NULL,
  `payload` longtext COLLATE utf8mb4_unicode_ci NOT NULL,
  `exception` longtext COLLATE utf8mb4_unicode_ci NOT NULL,
  `failed_at` timestamp NOT NULL DEFAULT current_timestamp()
) ENGINE=InnoDB DEFAULT CHARSET=utf8mb4 COLLATE=utf8mb4_unicode_ci;

-- --------------------------------------------------------

--
-- Table structure for table `migrations`
--

CREATE TABLE `migrations` (
  `id` int(10) UNSIGNED NOT NULL,
  `migration` varchar(255) COLLATE utf8mb4_unicode_ci NOT NULL,
  `batch` int(11) NOT NULL
) ENGINE=InnoDB DEFAULT CHARSET=utf8mb4 COLLATE=utf8mb4_unicode_ci;

--
-- Dumping data for table `migrations`
--

INSERT INTO `migrations` (`id`, `migration`, `batch`) VALUES
(1, '2014_10_12_000000_create_users_table', 1),
(2, '2014_10_12_100000_create_password_reset_tokens_table', 1),
(3, '2019_08_19_000000_create_failed_jobs_table', 1),
(4, '2019_12_14_000001_create_personal_access_tokens_table', 1),
(5, '2023_05_28_123125_create_products_table', 1),
(6, '2023_05_28_123313_create_reviews_table', 1);

-- --------------------------------------------------------

--
-- Table structure for table `password_reset_tokens`
--

CREATE TABLE `password_reset_tokens` (
  `email` varchar(255) COLLATE utf8mb4_unicode_ci NOT NULL,
  `token` varchar(255) COLLATE utf8mb4_unicode_ci NOT NULL,
  `created_at` timestamp NULL DEFAULT NULL
) ENGINE=InnoDB DEFAULT CHARSET=utf8mb4 COLLATE=utf8mb4_unicode_ci;

-- --------------------------------------------------------

--
-- Table structure for table `personal_access_tokens`
--

CREATE TABLE `personal_access_tokens` (
  `id` bigint(20) UNSIGNED NOT NULL,
  `tokenable_type` varchar(255) COLLATE utf8mb4_unicode_ci NOT NULL,
  `tokenable_id` bigint(20) UNSIGNED NOT NULL,
  `name` varchar(255) COLLATE utf8mb4_unicode_ci NOT NULL,
  `token` varchar(64) COLLATE utf8mb4_unicode_ci NOT NULL,
  `abilities` text COLLATE utf8mb4_unicode_ci DEFAULT NULL,
  `last_used_at` timestamp NULL DEFAULT NULL,
  `expires_at` timestamp NULL DEFAULT NULL,
  `created_at` timestamp NULL DEFAULT NULL,
  `updated_at` timestamp NULL DEFAULT NULL
) ENGINE=InnoDB DEFAULT CHARSET=utf8mb4 COLLATE=utf8mb4_unicode_ci;

-- --------------------------------------------------------

--
-- Table structure for table `products`
--

CREATE TABLE `products` (
  `id` bigint(20) UNSIGNED NOT NULL,
  `name` varchar(3000) COLLATE utf8mb4_unicode_ci NOT NULL,
  `details` varchar(3000) COLLATE utf8mb4_unicode_ci NOT NULL,
  `price` int(11) NOT NULL,
  `stock` int(11) NOT NULL,
  `discount` int(11) NOT NULL,
  `created_at` timestamp NULL DEFAULT NULL,
  `updated_at` timestamp NULL DEFAULT NULL
) ENGINE=InnoDB DEFAULT CHARSET=utf8mb4 COLLATE=utf8mb4_unicode_ci;

--
-- Dumping data for table `products`
--

INSERT INTO `products` (`id`, `name`, `details`, `price`, `stock`, `discount`, `created_at`, `updated_at`) VALUES
(1, 'esse', 'Voluptas rerum placeat dicta porro ut consequatur distinctio. Aliquid quo blanditiis hic animi reiciendis. Voluptas ratione quod dicta sed nobis sapiente non.', 774, 8, 5, '2023-05-28 19:40:03', '2023-05-28 19:40:03'),
(2, 'rerum', 'Eum culpa molestiae assumenda sapiente modi veritatis maiores placeat. Ut tempora ut eaque nesciunt. Rerum impedit natus perferendis tempora est magnam eum. Quos culpa repellat voluptas modi cumque.', 518, 5, 21, '2023-05-28 19:40:03', '2023-05-28 19:40:03'),
(3, 'et', 'Molestiae aut dicta qui aut. Doloremque earum minima optio. Ullam quas nihil doloribus blanditiis architecto. Amet sunt praesentium voluptatem.', 758, 5, 16, '2023-05-28 19:40:03', '2023-05-28 19:40:03'),
(4, 'est', 'In rerum harum quo rerum totam. Aliquid perferendis sed alias officiis quia illum nihil sed. Aut quo voluptates doloribus amet dolores.', 961, 8, 12, '2023-05-28 19:40:03', '2023-05-28 19:40:03'),
(5, 'blanditiis', 'Maxime voluptatibus sit deleniti repudiandae voluptatibus consequatur suscipit. Ut ratione a ut ex quas et ad. Harum eius quidem quis dignissimos odio quasi dolor.', 315, 7, 11, '2023-05-28 19:40:03', '2023-05-28 19:40:03'),
(6, 'officiis', 'Omnis officia ut at vitae consequatur quod. Cumque odio voluptas cum molestiae vitae tenetur. Vero omnis rerum ratione et. Ullam voluptas velit incidunt aut quisquam facere.', 263, 6, 23, '2023-05-28 19:40:03', '2023-05-28 19:40:03'),
(7, 'eos', 'Doloribus ea odio esse reprehenderit et. Sunt ut iste qui quae ipsa possimus nihil autem. Nostrum cupiditate dignissimos repudiandae fugiat.', 742, 9, 26, '2023-05-28 19:40:03', '2023-05-28 19:40:03'),
(8, 'ut', 'Officia aperiam aliquid sit ut numquam quidem pariatur. Officia dolor repellat vel dolorem molestiae autem.', 367, 8, 14, '2023-05-28 19:40:03', '2023-05-28 19:40:03'),
(9, 'enim', 'A cupiditate quaerat dignissimos autem aut aliquid. Reiciendis commodi at et iure voluptas omnis. Quibusdam rerum minima sed eum dolorem qui quasi.', 191, 0, 13, '2023-05-28 19:40:03', '2023-05-28 19:40:03'),
(10, 'amet', 'Accusantium voluptatem quos odit. Nemo veritatis quae quidem neque eius similique quam quis. Itaque labore sunt vel rerum qui laudantium.', 520, 4, 29, '2023-05-28 19:40:03', '2023-05-28 19:40:03'),
(11, 'libero', 'Minus tempore et laborum est quidem. Nostrum ratione natus voluptates ea et sed. Aut nam qui et consequatur itaque vel. Eveniet expedita expedita earum ea voluptatem.', 497, 1, 14, '2023-05-28 19:40:03', '2023-05-28 19:40:03'),
(12, 'voluptatem', 'Quibusdam in dolorem illum adipisci sapiente. Et provident fugiat id eveniet placeat officia aut sapiente. Debitis doloribus et distinctio qui. Asperiores iure autem optio ab veritatis nulla enim.', 326, 9, 9, '2023-05-28 19:40:03', '2023-05-28 19:40:03'),
(13, 'odio', 'Fuga rerum qui libero et quas odio molestias. Magni repellat ut ut sed et aut dolor. Et maxime iste doloribus.', 564, 2, 2, '2023-05-28 19:40:03', '2023-05-28 19:40:03'),
(14, 'molestiae', 'Autem et alias neque ullam ab quasi. Vel nemo voluptates delectus natus ipsam ut rerum. Doloribus sequi animi assumenda. Dolores officiis architecto consequatur sint in fuga.', 999, 8, 12, '2023-05-28 19:40:03', '2023-05-28 19:40:03'),
(15, 'qui', 'Maiores alias facilis est alias tempore. Laborum amet ducimus voluptates qui et nihil. Voluptatem inventore laudantium id maxime. Reprehenderit quae mollitia et voluptate aut. Earum deleniti fuga maiores voluptatibus in.', 433, 7, 23, '2023-05-28 19:40:03', '2023-05-28 19:40:03'),
(16, 'dolorum', 'Ipsum consequuntur voluptas labore aliquid consequatur. Id sint et atque sed laudantium aut laudantium ea.', 482, 4, 5, '2023-05-28 19:40:03', '2023-05-28 19:40:03'),
(17, 'error', 'Accusamus ab deserunt et cum voluptates velit. Eius dolore ipsa qui et laborum. Expedita sit laboriosam sunt labore nihil optio.', 719, 2, 21, '2023-05-28 19:40:03', '2023-05-28 19:40:03'),
(18, 'pariatur', 'Delectus qui inventore aspernatur cupiditate. Temporibus qui eos quaerat et ut hic. Quibusdam eum id debitis recusandae architecto ab.', 941, 9, 10, '2023-05-28 19:40:03', '2023-05-28 19:40:03'),
(19, 'non', 'In ducimus veritatis voluptatem. Vero vel excepturi tenetur aut ut. Magnam ut eum quod qui sit et possimus. Necessitatibus sit sapiente non eius natus nihil. Unde repellendus sed alias sit est vitae perspiciatis.', 466, 7, 27, '2023-05-28 19:40:03', '2023-05-28 19:40:03'),
(20, 'voluptas', 'Voluptas voluptatem vero non nesciunt. Tenetur itaque architecto architecto eveniet qui. Ducimus omnis non molestiae repellendus est illum totam sint. Repudiandae cumque magnam ut quia esse repellat voluptatem.', 592, 1, 16, '2023-05-28 19:40:03', '2023-05-28 19:40:03'),
(21, 'occaecati', 'Laudantium necessitatibus dolores ex. Vitae quos non est nihil rerum rerum ut. Eveniet amet perspiciatis et officiis fugit sint. Corrupti cumque porro autem harum similique.', 797, 8, 6, '2023-05-28 19:40:03', '2023-05-28 19:40:03'),
(22, 'voluptatem', 'Non dolore sint voluptatem nam. Aliquid quia rerum esse labore. Aut porro hic qui velit eveniet alias.', 319, 3, 12, '2023-05-28 19:40:03', '2023-05-28 19:40:03'),
(23, 'possimus', 'Deleniti id porro aspernatur dolorem quas. Ipsum aspernatur atque exercitationem quibusdam velit eos. Et dolor molestiae exercitationem ut veritatis a molestias. Autem et recusandae voluptatem consequatur.', 287, 3, 29, '2023-05-28 19:40:03', '2023-05-28 19:40:03'),
(24, 'consectetur', 'Cumque harum fuga quo architecto. Esse exercitationem veniam labore incidunt aut enim veritatis. Consectetur atque est tempore doloremque ut hic sit. Eos et autem ipsam et. Incidunt blanditiis rerum et aliquid.', 630, 2, 10, '2023-05-28 19:40:03', '2023-05-28 19:40:03'),
(25, 'delectus', 'Fugiat animi ut et ut. Voluptatem sint ea qui ea tempore. Illum non eaque consectetur quo id velit sed. Molestias nam dicta nisi voluptatem officiis magni.', 805, 5, 5, '2023-05-28 19:40:03', '2023-05-28 19:40:03'),
(26, 'et', 'Modi autem numquam ad est sed ipsa sed sed. Vel blanditiis eum maxime accusamus rerum repellendus et. Odit sunt et enim fugit vel.', 179, 3, 29, '2023-05-28 19:40:03', '2023-05-28 19:40:03'),
(27, 'ad', 'Velit cumque possimus eos praesentium expedita. A quo quia vel dolore molestiae. Ipsa repellat quia ipsam sunt.', 513, 0, 24, '2023-05-28 19:40:03', '2023-05-28 19:40:03'),
(28, 'dolorum', 'Eos corrupti velit quia ipsa. Aperiam quia veritatis aut explicabo expedita. Alias voluptatem animi atque asperiores. Corporis vitae perferendis sunt.', 749, 3, 30, '2023-05-28 19:40:03', '2023-05-28 19:40:03'),
(29, 'quia', 'Quia corporis inventore corrupti. Qui commodi nemo mollitia tenetur velit. At fugiat excepturi ullam aut.', 124, 9, 4, '2023-05-28 19:40:03', '2023-05-28 19:40:03'),
(30, 'nisi', 'Rerum sit mollitia numquam expedita vitae et. Quod voluptates et sapiente id. Et ea ipsa eligendi occaecati harum architecto fugit. Numquam velit dolor cumque dignissimos repellat necessitatibus.', 865, 7, 2, '2023-05-28 19:40:03', '2023-05-28 19:40:03'),
(31, 'sint', 'Molestiae totam voluptatibus explicabo pariatur molestias. Fuga quia omnis ut velit. Alias itaque ut quas voluptatem aut.', 239, 1, 11, '2023-05-28 19:40:03', '2023-05-28 19:40:03'),
(32, 'aut', 'Saepe ea quae minima labore. Enim et esse mollitia tenetur odit sequi. Dolor voluptas voluptas quasi dolorem assumenda quia. Tempore occaecati sit dolorem velit impedit.', 372, 2, 6, '2023-05-28 19:40:03', '2023-05-28 19:40:03'),
(33, 'porro', 'Dolor ea quo in et laborum ut culpa. Vel nihil occaecati ducimus blanditiis aliquid voluptate. Modi optio nisi et harum.', 332, 4, 6, '2023-05-28 19:40:03', '2023-05-28 19:40:03'),
(34, 'repudiandae', 'Recusandae soluta quia laboriosam. Ea est dolorem eum et sit officia iure ipsam. Minima incidunt quo rerum ut quae. Ut libero sed non dolorum sit rem doloribus commodi.', 523, 3, 22, '2023-05-28 19:40:03', '2023-05-28 19:40:03'),
(35, 'excepturi', 'A et animi non dicta. Eius eum adipisci magnam ipsam. Tempora quaerat id placeat omnis.', 741, 7, 19, '2023-05-28 19:40:03', '2023-05-28 19:40:03'),
(36, 'aut', 'Porro sunt repellendus eum aut aspernatur possimus aspernatur. Nam maxime omnis explicabo ipsa exercitationem.', 831, 0, 3, '2023-05-28 19:40:03', '2023-05-28 19:40:03'),
(37, 'cumque', 'Ea laudantium velit consequatur nobis. Est velit sunt error et et consequuntur est. Aliquam nihil enim dolor dicta sed hic. Ut eos voluptatibus in.', 255, 3, 27, '2023-05-28 19:40:03', '2023-05-28 19:40:03'),
(38, 'ut', 'Velit qui ducimus reiciendis itaque. Debitis dolorem voluptas et molestiae temporibus possimus. Voluptates quam reiciendis ut aut modi blanditiis.', 818, 2, 29, '2023-05-28 19:40:03', '2023-05-28 19:40:03'),
(39, 'eius', 'Fugit sed tempore voluptatum dicta deleniti. Dolores commodi hic occaecati sequi. Ab dolor iure voluptatem facere et eum praesentium. Consequatur necessitatibus necessitatibus consequuntur quis nemo ut excepturi.', 636, 5, 30, '2023-05-28 19:40:03', '2023-05-28 19:40:03'),
(40, 'distinctio', 'Dolor qui magni repellendus. Praesentium quia doloremque est occaecati explicabo cupiditate. Enim assumenda asperiores laborum quis totam necessitatibus illum.', 713, 4, 24, '2023-05-28 19:40:03', '2023-05-28 19:40:03'),
(41, 'occaecati', 'Voluptas unde aut natus aperiam necessitatibus ratione quas. Explicabo officia sint voluptas voluptas. Cum consequuntur ea error suscipit similique necessitatibus. Eveniet ex neque quisquam tenetur officiis id ut atque.', 490, 3, 4, '2023-05-28 19:40:03', '2023-05-28 19:40:03'),
(42, 'aut', 'Modi sapiente in voluptates voluptatibus fuga aspernatur. Eligendi tempore alias velit placeat itaque illo fugiat est. Ut nesciunt ipsam suscipit sed suscipit est. Vel earum maiores non est. Natus qui quisquam iste ipsam nobis magnam quia.', 472, 7, 22, '2023-05-28 19:40:03', '2023-05-28 19:40:03'),
(43, 'iusto', 'Non accusamus illum qui eius mollitia aut possimus. Eaque rem consectetur magni et ut consequatur.', 260, 6, 3, '2023-05-28 19:40:03', '2023-05-28 19:40:03'),
(44, 'sunt', 'A eaque sit explicabo sunt culpa repellendus quis. Magni molestiae enim impedit quae iure rerum non.', 456, 8, 30, '2023-05-28 19:40:03', '2023-05-28 19:40:03'),
(45, 'maiores', 'Quia est aliquid delectus illum facilis temporibus. Architecto et asperiores minima sed. Nemo recusandae sit ut distinctio. Sunt et praesentium laborum velit quam minus.', 569, 7, 7, '2023-05-28 19:40:03', '2023-05-28 19:40:03'),
(46, 'sit', 'Illum aut fuga magni. Enim dolorum facilis aliquam nisi quia porro ab voluptate. Inventore adipisci tenetur nam ut sed porro. Ratione molestiae dolores sit sit.', 892, 9, 4, '2023-05-28 19:40:03', '2023-05-28 19:40:03'),
(47, 'ullam', 'Voluptatem qui cumque nobis unde excepturi. Id laborum aut enim consequuntur possimus. Dolor quisquam voluptatem quaerat dolores tenetur excepturi enim.', 481, 5, 3, '2023-05-28 19:40:03', '2023-05-28 19:40:03'),
(48, 'quae', 'Eos sapiente in odio quasi rerum cumque rem. Ab illum aliquam voluptatem quia. Neque quisquam architecto iste quae quae atque iusto nam.', 888, 2, 19, '2023-05-28 19:40:03', '2023-05-28 19:40:03'),
(49, 'quasi', 'Mollitia ad tempora porro perferendis vero eum officia. Quisquam provident dolores quo at voluptatum voluptas. Non quisquam natus sunt quae molestias voluptas. Numquam quos perspiciatis ullam.', 871, 0, 7, '2023-05-28 19:40:03', '2023-05-28 19:40:03'),
(50, 'architecto', 'Alias aut repudiandae consequatur. A repellendus magni fuga accusantium. Illum soluta veniam sit veritatis. Enim ipsa unde voluptatem non facilis et.', 456, 6, 29, '2023-05-28 19:40:03', '2023-05-28 19:40:03');

-- --------------------------------------------------------

--
-- Table structure for table `reviews`
--

CREATE TABLE `reviews` (
  `id` bigint(20) UNSIGNED NOT NULL,
  `product_id` bigint(20) UNSIGNED NOT NULL,
  `customer` varchar(255) COLLATE utf8mb4_unicode_ci NOT NULL,
  `review` text COLLATE utf8mb4_unicode_ci NOT NULL,
  `star` int(11) NOT NULL,
  `created_at` timestamp NULL DEFAULT NULL,
  `updated_at` timestamp NULL DEFAULT NULL
) ENGINE=InnoDB DEFAULT CHARSET=utf8mb4 COLLATE=utf8mb4_unicode_ci;

--
-- Dumping data for table `reviews`
--

INSERT INTO `reviews` (`id`, `product_id`, `customer`, `review`, `star`, `created_at`, `updated_at`) VALUES
(1, 26, 'Ms. Eliane Grimes', 'Officiis totam omnis perspiciatis qui in nam. Dolorem similique dolore ratione temporibus. Qui odit ratione aliquid in.', 1, '2023-05-28 19:40:04', '2023-05-28 19:40:04'),
(2, 27, 'Jamir Price MD', 'Corrupti et dolore expedita nihil voluptate. Ipsum sunt illo dignissimos aspernatur sed ipsa eum maiores. Quaerat id odit quia facere.', 0, '2023-05-28 19:40:04', '2023-05-28 19:40:04'),
(3, 13, 'Terrell Spinka Jr.', 'Facilis eligendi illum inventore. Et earum quo delectus. Accusantium eveniet soluta omnis quia. Illum itaque eos iure aut incidunt.', 5, '2023-05-28 19:40:04', '2023-05-28 19:40:04'),
(4, 38, 'Clare McCullough', 'Assumenda nam illo labore perspiciatis perferendis dolor quis. Sint est et architecto voluptas quos nihil excepturi. Est et voluptas ut eveniet hic. Est tenetur vitae laudantium.', 5, '2023-05-28 19:40:04', '2023-05-28 19:40:04'),
(5, 32, 'Melody Anderson', 'Nihil et minima asperiores earum. Debitis accusantium pariatur repellendus quo sapiente. Ullam libero dolor provident quia rerum laboriosam minus.', 5, '2023-05-28 19:40:04', '2023-05-28 19:40:04'),
(6, 48, 'Ms. Kari Emmerich', 'Voluptatem provident impedit odio odio. Commodi reiciendis omnis soluta et itaque ipsa consequatur. Ut veniam nam iusto laborum quam nulla. Non earum perspiciatis qui et rerum assumenda expedita.', 5, '2023-05-28 19:40:04', '2023-05-28 19:40:04'),
(7, 32, 'Maci Treutel', 'Voluptate qui illum voluptatem sit tenetur perferendis est. Similique laboriosam sed deserunt vitae rerum aut labore. Nesciunt totam aut tempora. Et alias voluptatem quae quae quo et sint quasi.', 5, '2023-05-28 19:40:04', '2023-05-28 19:40:04'),
(8, 2, 'Perry Bayer PhD', 'Et quaerat est nostrum sapiente doloribus. Reprehenderit quo in dolores ea. Consectetur ea eaque deserunt aut quia reiciendis. Numquam itaque necessitatibus eos itaque veritatis dignissimos.', 2, '2023-05-28 19:40:04', '2023-05-28 19:40:04'),
(9, 2, 'Prof. Clint Cormier DVM', 'Vel eius nihil id. Voluptas quasi ad officiis inventore ut. Numquam animi culpa cum eligendi harum. Reprehenderit suscipit neque rerum et.', 3, '2023-05-28 19:40:04', '2023-05-28 19:40:04'),
(10, 3, 'Jett Cole', 'Nostrum ullam qui magnam voluptatem qui. Sint ipsam itaque aut nisi fuga quam eligendi ducimus. Esse quos eum asperiores dolorem deserunt aut. Beatae veritatis explicabo quod distinctio aut perferendis.', 1, '2023-05-28 19:40:04', '2023-05-28 19:40:04'),
(11, 25, 'Alivia Raynor', 'Qui omnis aperiam voluptate. Velit labore facere consequuntur quasi quia eos repellendus.', 2, '2023-05-28 19:40:04', '2023-05-28 19:40:04'),
(12, 19, 'Stephon Nikolaus', 'Tenetur a quae sit ut ut. Optio aut labore natus. Quia et hic quis aut.', 3, '2023-05-28 19:40:04', '2023-05-28 19:40:04'),
(13, 2, 'Onie Nienow', 'Vel officia impedit porro quasi. Et accusantium ullam expedita illum qui. Soluta non eveniet vero consequuntur dicta voluptatibus.', 5, '2023-05-28 19:40:04', '2023-05-28 19:40:04'),
(14, 41, 'Guiseppe Runolfsson', 'Aut possimus laudantium aliquid sed deleniti et quas. Reprehenderit iure ea nostrum praesentium dolores nobis. Consectetur voluptatem aut blanditiis rerum. Non voluptatem soluta vel magnam asperiores et.', 5, '2023-05-28 19:40:04', '2023-05-28 19:40:04'),
(15, 13, 'Baby Schinner', 'Nobis qui harum cum non. Harum dolore voluptatum blanditiis dolorum magni rerum. Velit architecto libero adipisci et. Est temporibus quia eos distinctio commodi maxime omnis. Fuga sunt vel illum rerum perferendis.', 0, '2023-05-28 19:40:04', '2023-05-28 19:40:04'),
(16, 48, 'Barney Metz Jr.', 'Rem voluptatem at quidem voluptatem veritatis facilis. Adipisci aliquid ut aliquam enim. Est repudiandae blanditiis iure dolores fugiat nesciunt libero vel. Mollitia ut sed ea est.', 5, '2023-05-28 19:40:04', '2023-05-28 19:40:04'),
(17, 26, 'Mrs. Amara Fisher V', 'Dolorem exercitationem doloremque et omnis et. Molestias voluptatum quo nulla illum est tempore quia non. Aspernatur provident voluptatem soluta cum voluptatem et autem. Ducimus est cum saepe.', 5, '2023-05-28 19:40:04', '2023-05-28 19:40:04'),
(18, 28, 'Dr. Ellie Quitzon', 'Consequatur atque est qui qui praesentium et ab. Facilis iusto eligendi nobis nisi beatae et. Enim libero repellat et et ut ut iusto. Et consequatur maiores iusto fugiat deserunt enim.', 2, '2023-05-28 19:40:04', '2023-05-28 19:40:04'),
(19, 10, 'Prof. Haylie Jacobi', 'Esse atque et nihil et. Quasi sed est accusantium saepe odit accusamus. Ex qui impedit velit iure. Tempore quaerat ut praesentium aliquam autem qui.', 4, '2023-05-28 19:40:04', '2023-05-28 19:40:04'),
(20, 34, 'Dr. Lourdes Farrell PhD', 'Dolorum magnam sit numquam molestias ipsum sunt tempore. Voluptate facere repudiandae omnis et qui.', 5, '2023-05-28 19:40:04', '2023-05-28 19:40:04'),
(21, 16, 'Don McClure', 'Eaque fugiat aut sint omnis. Ea sapiente eum rem beatae. Consequatur possimus sed occaecati consequuntur voluptatem. Vel culpa enim iste recusandae est.', 5, '2023-05-28 19:40:04', '2023-05-28 19:40:04'),
(22, 16, 'Addie Graham', 'Esse ea nulla nulla natus. Vel reprehenderit quia nobis minima. Dolor ut quo doloremque.', 5, '2023-05-28 19:40:04', '2023-05-28 19:40:04'),
(23, 12, 'Robb Hahn', 'Illo officiis eos non ea rerum similique maiores qui. Consequuntur ut atque rerum nihil eaque. Pariatur nostrum omnis sed aut. Et aut voluptatem temporibus et quia molestias pariatur nostrum.', 0, '2023-05-28 19:40:04', '2023-05-28 19:40:04'),
(24, 32, 'Yessenia Hirthe', 'Alias accusantium omnis quo voluptatem ut dolores culpa ex. Aliquid iure assumenda autem. Repellat suscipit sunt perspiciatis repellendus et. Voluptas quibusdam quo est soluta.', 2, '2023-05-28 19:40:04', '2023-05-28 19:40:04'),
(25, 49, 'Rahsaan Heller', 'Temporibus et labore sint eos. Nulla reprehenderit unde repellat sed quo distinctio consectetur eaque. Repudiandae iusto eius et qui rerum.', 5, '2023-05-28 19:40:04', '2023-05-28 19:40:04'),
(26, 23, 'Nannie Prohaska', 'Eos saepe fugit enim sequi laudantium porro consequatur. Ducimus et consequatur aperiam fugit ad eveniet sit explicabo. Saepe itaque iure libero.', 4, '2023-05-28 19:40:04', '2023-05-28 19:40:04'),
(27, 10, 'Treva Strosin', 'Inventore incidunt rerum sit iste quis nobis ad. Quo delectus similique laboriosam quae molestias qui dicta dolores. Occaecati culpa consectetur consequatur rerum enim.', 2, '2023-05-28 19:40:04', '2023-05-28 19:40:04'),
(28, 48, 'Jefferey Welch', 'Deleniti aspernatur dolores nisi dolore voluptatem deserunt optio. Et consequuntur dignissimos ut quo enim aut tenetur. Quibusdam ea quisquam commodi non illum consequatur sit.', 0, '2023-05-28 19:40:04', '2023-05-28 19:40:04'),
(29, 29, 'Mr. Hipolito Paucek Jr.', 'Totam aut quas commodi maxime esse. Eligendi dolorem ut praesentium. Inventore porro aut dolor laudantium labore dolores nobis et. Ratione et veritatis corrupti voluptatem quis tempore.', 1, '2023-05-28 19:40:04', '2023-05-28 19:40:04'),
(30, 26, 'Sherwood McKenzie', 'Quae dolor ratione illum voluptate laborum vero aliquam totam. Aliquam blanditiis accusantium quas omnis.', 1, '2023-05-28 19:40:04', '2023-05-28 19:40:04'),
(31, 36, 'Mr. Aron Ankunding DVM', 'Consequatur error debitis totam sunt qui distinctio quos. Expedita minima ut quos doloremque pariatur itaque magni.', 2, '2023-05-28 19:40:04', '2023-05-28 19:40:04'),
(32, 12, 'Aurore Robel', 'Minima maxime amet enim dolorem vero. Est pariatur et quasi eveniet sit ut. Ut eligendi illo id incidunt similique omnis voluptatem.', 3, '2023-05-28 19:40:04', '2023-05-28 19:40:04'),
(33, 39, 'Cecelia Raynor', 'Quaerat nam fugit est minus. Accusantium nostrum sequi labore officiis ut dolores. Eum iure recusandae qui placeat. Fugiat ipsum et aut quo laboriosam.', 5, '2023-05-28 19:40:04', '2023-05-28 19:40:04'),
(34, 32, 'Josefina Powlowski', 'Qui commodi ex eum consequatur. Aperiam est enim nulla illum provident dolorem. Corporis quis praesentium aut culpa. Excepturi sit rerum inventore.', 1, '2023-05-28 19:40:04', '2023-05-28 19:40:04'),
(35, 12, 'Hazle Brekke', 'At ducimus eum nam accusantium. Hic inventore at sed et velit corporis. Sunt corrupti qui et quis adipisci pariatur ducimus.', 0, '2023-05-28 19:40:04', '2023-05-28 19:40:04'),
(36, 50, 'Torrance Balistreri MD', 'Iusto eos accusamus autem quia a hic modi. Similique dicta totam maxime repudiandae iste dicta rerum odit. Laborum nesciunt illum officia voluptas molestiae et quibusdam. Quo voluptatem totam quam maiores quia. Occaecati cupiditate sunt voluptatum dolorum rerum similique quo.', 4, '2023-05-28 19:40:04', '2023-05-28 19:40:04'),
(37, 40, 'Dr. Jed Maggio', 'Sint voluptates aliquam consequuntur ad. Autem ab repellat ut. Voluptas consequatur tempora voluptatem officia autem quibusdam saepe.', 4, '2023-05-28 19:40:04', '2023-05-28 19:40:04'),
(38, 32, 'Chelsie Lynch', 'Et et expedita adipisci possimus cum. Alias dolorem autem et aliquam accusamus. Nesciunt voluptatibus aut optio amet.', 4, '2023-05-28 19:40:04', '2023-05-28 19:40:04'),
(39, 11, 'Osborne Ritchie', 'Corrupti in qui reiciendis necessitatibus consequatur inventore. Qui ipsum in sequi et fugiat. Perferendis voluptatem deserunt odio et aut ab soluta. Esse minus aut omnis reprehenderit id sunt voluptatum. Corrupti eligendi nemo suscipit quod tempore numquam.', 4, '2023-05-28 19:40:04', '2023-05-28 19:40:04'),
(40, 47, 'Hallie Christiansen', 'Expedita dolorem qui at asperiores. Reiciendis ratione cum eos fugit praesentium. Voluptas magnam quam facilis alias nobis omnis velit voluptas. Ab itaque perferendis eos ut. Cum vero id odit laboriosam ut praesentium.', 1, '2023-05-28 19:40:04', '2023-05-28 19:40:04'),
(41, 10, 'Easter Kuhic', 'Dolor autem expedita voluptate deserunt. Eveniet et ab quae consequatur unde incidunt. Aut nihil voluptas aut eaque perferendis et quia. Dolore eligendi vero distinctio consequatur ut illo.', 1, '2023-05-28 19:40:04', '2023-05-28 19:40:04'),
(42, 34, 'Dan Thompson MD', 'Nesciunt nihil est a omnis. Harum nobis et adipisci dolores sed sit. Impedit qui distinctio et culpa.', 5, '2023-05-28 19:40:04', '2023-05-28 19:40:04'),
(43, 7, 'Vallie Ullrich', 'Qui quo necessitatibus dolores ut dignissimos magni. Porro possimus a aut repellendus quo. Libero vel eius nulla et dolore quis. Ut nobis voluptates sint quae iusto voluptatum. Est quae dolor dolor nisi ipsa.', 4, '2023-05-28 19:40:04', '2023-05-28 19:40:04'),
(44, 40, 'Penelope Breitenberg', 'Ea et nostrum sequi delectus dolore. Corrupti expedita autem nemo quod. Labore adipisci molestiae eaque omnis officia. Fugiat et tenetur ut corrupti aliquam tenetur.', 0, '2023-05-28 19:40:04', '2023-05-28 19:40:04'),
(45, 21, 'Lorena Erdman', 'Quia et asperiores nihil non. Voluptatibus eveniet voluptatibus est nam ab. Doloremque et corrupti sit earum cum repellat ut.', 2, '2023-05-28 19:40:04', '2023-05-28 19:40:04'),
(46, 42, 'Ursula McKenzie', 'Eveniet magnam tenetur doloribus error ea ea accusamus laudantium. Rerum minus dolore fugiat provident quibusdam quaerat illo. Natus non ut nihil et mollitia quos optio.', 1, '2023-05-28 19:40:04', '2023-05-28 19:40:04'),
(47, 34, 'Dr. Mac Steuber I', 'Neque nam sunt molestias hic. Ipsa labore eligendi sed.', 2, '2023-05-28 19:40:04', '2023-05-28 19:40:04'),
(48, 13, 'Ms. Delilah Klocko', 'Facilis deserunt deserunt quia consequuntur quo esse harum voluptatem. Id esse laboriosam vel ab. Quo dolore minus magnam aut fuga quis natus. Dolor ullam ut illum natus omnis in modi.', 5, '2023-05-28 19:40:04', '2023-05-28 19:40:04'),
(49, 38, 'Caleb Hartmann III', 'A deleniti nam impedit dolor debitis. Dolor dolores in qui tempora. Occaecati et voluptas eum in non. Explicabo quibusdam ab maiores aut ipsam tempore doloremque.', 3, '2023-05-28 19:40:04', '2023-05-28 19:40:04'),
(50, 50, 'Ryleigh Kunde', 'Nesciunt doloremque et quia odit. Soluta vel nisi incidunt tenetur sequi quo accusantium. Natus eos assumenda nemo molestiae ratione. Quis aspernatur voluptas atque voluptatem quibusdam sapiente.', 5, '2023-05-28 19:40:04', '2023-05-28 19:40:04'),
(51, 19, 'Pattie McLaughlin', 'Autem numquam qui explicabo. Dignissimos et pariatur accusamus velit aut necessitatibus quas. Voluptas aliquam dolor cumque neque dolor reprehenderit deserunt illum. Quaerat et aperiam ut inventore et id doloribus.', 5, '2023-05-28 19:40:04', '2023-05-28 19:40:04'),
(52, 26, 'Miss Eleonore Wisoky', 'Veritatis voluptatem accusantium porro. Rem in tempore rerum ut fugiat. Qui ex cum modi fuga dolorum a ex labore. Dolor vel at earum nostrum.', 0, '2023-05-28 19:40:04', '2023-05-28 19:40:04'),
(53, 13, 'Bettye Johnston', 'Illum quidem quae non assumenda itaque autem ipsum. Omnis recusandae hic aspernatur est ut officia. Vel nihil debitis et.', 0, '2023-05-28 19:40:04', '2023-05-28 19:40:04'),
(54, 32, 'Janick Kertzmann', 'Suscipit dolor sint aperiam et expedita illo voluptas distinctio. Ut eveniet tempora eos nulla qui. Quam id sequi neque est.', 5, '2023-05-28 19:40:04', '2023-05-28 19:40:04'),
(55, 33, 'German Roberts', 'Ad in placeat est assumenda laborum qui dolorum amet. Et ab ducimus ratione rerum. Maiores qui quo non quam. Dolor ut sint eum et vel.', 0, '2023-05-28 19:40:04', '2023-05-28 19:40:04'),
(56, 32, 'Tamara Hessel', 'Et quaerat possimus assumenda et dolorum nisi. Ad perspiciatis reprehenderit qui voluptas non itaque. Cumque aut est voluptate commodi omnis. Nihil nihil enim voluptas excepturi commodi odio.', 4, '2023-05-28 19:40:04', '2023-05-28 19:40:04'),
(57, 23, 'Yesenia Mayer Sr.', 'Saepe quia perferendis architecto quod. Aut ut deserunt recusandae accusantium ex magni. Eos suscipit voluptatem et dolor repellat ex. Omnis et excepturi quidem id corrupti.', 5, '2023-05-28 19:40:04', '2023-05-28 19:40:04'),
(58, 48, 'Kamren Pfannerstill', 'Voluptates voluptatibus et sed et et expedita. Ratione dolor ad qui. Odit ducimus laudantium dicta rerum. In voluptatibus assumenda maxime.', 4, '2023-05-28 19:40:04', '2023-05-28 19:40:04'),
(59, 26, 'Rossie Beier', 'Necessitatibus perferendis corrupti modi pariatur et amet. Quia omnis repellat vitae dolores est non ratione. Nostrum ab reiciendis sapiente.', 1, '2023-05-28 19:40:04', '2023-05-28 19:40:04'),
(60, 48, 'Melisa Gottlieb', 'Itaque aliquid rerum distinctio cum dolorem ut. Officiis odio dicta est et cum. Atque numquam dolores molestiae dolorem est quis.', 4, '2023-05-28 19:40:05', '2023-05-28 19:40:05'),
(61, 11, 'Ellis Nader MD', 'Iure ut quo consequatur molestias et et. Molestiae nihil voluptas dolor rerum a optio nostrum. Veritatis perferendis asperiores sapiente. Id dolorum sed aliquam iure nisi consequuntur excepturi.', 3, '2023-05-28 19:40:05', '2023-05-28 19:40:05'),
(62, 34, 'Dianna Littel', 'Laborum est in voluptatem omnis id ipsum ea. Illum quae temporibus asperiores reprehenderit sit sapiente possimus. Sed voluptate recusandae delectus sit pariatur quis delectus. Officiis in cupiditate ea amet exercitationem inventore.', 0, '2023-05-28 19:40:05', '2023-05-28 19:40:05'),
(63, 4, 'Kiley Eichmann I', 'Officiis et perferendis praesentium voluptates blanditiis id eum. Amet debitis voluptatem quas id et minus quo. Nobis ad quam dolores consequuntur commodi vero deserunt. Alias itaque maxime dignissimos ut.', 1, '2023-05-28 19:40:05', '2023-05-28 19:40:05'),
(64, 29, 'Colby Gorczany', 'Qui dignissimos eos mollitia sunt odio reiciendis. Fuga iusto ut cupiditate velit corporis commodi eaque. Mollitia et consequatur soluta ducimus incidunt vel corporis.', 3, '2023-05-28 19:40:05', '2023-05-28 19:40:05'),
(65, 26, 'Abbie Feest', 'Pariatur et distinctio enim qui ut. Et excepturi laboriosam voluptatem natus. Dicta molestias enim libero corrupti. Ea fugiat distinctio quos perspiciatis architecto.', 4, '2023-05-28 19:40:05', '2023-05-28 19:40:05'),
(66, 45, 'Rasheed Murphy', 'Aliquam et cupiditate ab quia dolores tempora. Dicta ab incidunt voluptatem dolorem. Nulla at placeat eius. Voluptatem nisi debitis ducimus et cumque praesentium.', 0, '2023-05-28 19:40:05', '2023-05-28 19:40:05'),
(67, 24, 'Kathryn Gaylord', 'Commodi occaecati et porro aut maxime deleniti. Ducimus nemo qui asperiores pariatur expedita voluptate ut minima. Autem id est dicta. Et doloribus corporis doloremque est non molestiae vero.', 3, '2023-05-28 19:40:05', '2023-05-28 19:40:05'),
(68, 28, 'Zack Glover', 'Fugit suscipit nisi deserunt. Maiores dolorum ab ex molestiae beatae. Et repellendus quo et expedita voluptatibus ut eaque.', 3, '2023-05-28 19:40:05', '2023-05-28 19:40:05'),
(69, 2, 'Waino Morissette', 'Ut libero ab officiis placeat asperiores. Nobis laboriosam cum eum commodi. Repellendus aliquid molestiae sit ducimus nobis.', 1, '2023-05-28 19:40:05', '2023-05-28 19:40:05'),
(70, 26, 'Amely Hoeger V', 'Totam culpa vero accusamus qui. Accusantium at eos dolorum ut aut fugit quis. Sit sint non et numquam ut nam totam voluptates. Id saepe molestiae est eius labore nihil rerum delectus.', 5, '2023-05-28 19:40:05', '2023-05-28 19:40:05'),
(71, 10, 'Beulah Berge', 'Dolor a consequatur velit illum cupiditate deserunt. Fugiat tempora quam nam accusamus. Est soluta et laborum. Molestiae ipsa earum assumenda accusantium accusamus.', 5, '2023-05-28 19:40:05', '2023-05-28 19:40:05'),
(72, 50, 'Lesly Johnson IV', 'Impedit eaque minima cumque iure. Dolor incidunt soluta dignissimos. Harum maxime quos vel natus amet. Dicta porro fugiat quia sit. Sunt omnis commodi quis quis quibusdam quis aliquid.', 2, '2023-05-28 19:40:05', '2023-05-28 19:40:05'),
(73, 38, 'Isabel Rippin', 'Consequatur suscipit et aut sunt aliquid. Aperiam ullam delectus ducimus quae porro sed nostrum iusto. Placeat delectus dolor consequuntur eius ad maxime. Quidem ad et aut ad vel eos dignissimos ad. Omnis aperiam ut voluptatem expedita aspernatur maiores rerum.', 4, '2023-05-28 19:40:05', '2023-05-28 19:40:05'),
(74, 12, 'Lilla Zieme', 'Accusamus accusantium libero repellat nihil. Totam sunt nihil quia odio. Et ipsa ducimus laboriosam fugit.', 0, '2023-05-28 19:40:05', '2023-05-28 19:40:05'),
(75, 12, 'Treva Botsford Jr.', 'Et perspiciatis minima blanditiis sit voluptas. Facere delectus ut consequatur voluptatem nulla dolor. Nihil libero nobis harum qui. Praesentium accusantium earum omnis minus corrupti commodi beatae sint.', 4, '2023-05-28 19:40:05', '2023-05-28 19:40:05'),
(76, 11, 'Kayla Pouros', 'Recusandae at aut magni explicabo. Commodi atque corrupti sed qui aliquid odit. Reprehenderit ipsam voluptatem vel est debitis.', 0, '2023-05-28 19:40:05', '2023-05-28 19:40:05'),
(77, 34, 'Ms. Anjali Dare Jr.', 'Doloremque ducimus molestiae quidem accusantium perspiciatis ut ab. Id quia et quia. Illum commodi veritatis minima et in quia unde.', 3, '2023-05-28 19:40:05', '2023-05-28 19:40:05'),
(78, 11, 'Paolo Hane IV', 'Consequuntur veniam cupiditate minus illo at dignissimos quidem. Ullam laboriosam ut dignissimos sequi qui. Quia cum laboriosam necessitatibus aut aut et. Ea maxime doloribus voluptas eos culpa dolor facilis.', 4, '2023-05-28 19:40:05', '2023-05-28 19:40:05'),
(79, 3, 'Brant Heathcote', 'Commodi corrupti necessitatibus quia quia labore temporibus aut. Voluptas quia maiores est reprehenderit libero nesciunt. Esse voluptatem reprehenderit hic. Corrupti pariatur nostrum aut consequuntur eveniet.', 1, '2023-05-28 19:40:05', '2023-05-28 19:40:05'),
(80, 9, 'Vita Batz', 'Sit nisi hic fugiat. Sint omnis quaerat non sit ullam molestias est. Temporibus rerum fugit libero sit. Soluta dolores ut incidunt.', 5, '2023-05-28 19:40:05', '2023-05-28 19:40:05'),
(81, 5, 'Timmothy Keeling', 'Quibusdam consectetur iure et totam eligendi culpa suscipit. Assumenda deserunt ab est eum qui optio. Dolores adipisci doloribus voluptatibus ea et. Voluptatem expedita at aut nesciunt ad.', 3, '2023-05-28 19:40:05', '2023-05-28 19:40:05'),
(82, 16, 'Cale Johns', 'Illum et quia qui distinctio. Veniam et labore nihil ea quo laborum. Iste autem dolore ut asperiores sit.', 3, '2023-05-28 19:40:05', '2023-05-28 19:40:05'),
(83, 36, 'Jaqueline Lueilwitz', 'Explicabo autem consequatur qui voluptatibus ut. Tempore corporis animi commodi fuga sunt eius sint. Voluptate nobis laborum qui libero doloremque. Soluta velit autem voluptatem mollitia dolore quo porro.', 5, '2023-05-28 19:40:05', '2023-05-28 19:40:05'),
(84, 39, 'Ms. Ocie Tremblay II', 'Perspiciatis sed deleniti sequi vitae. Adipisci maxime quis dolor est a mollitia occaecati. Distinctio quod libero autem autem qui dolorem quo. At velit ut itaque sit eos quisquam et.', 4, '2023-05-28 19:40:05', '2023-05-28 19:40:05'),
(85, 43, 'Reinhold Labadie', 'At eveniet distinctio a iure voluptas similique odit. Inventore sequi est hic quae veniam. Fugit suscipit consectetur aut eos quia maxime ad. Aspernatur ipsum consequatur adipisci quis voluptatem.', 5, '2023-05-28 19:40:05', '2023-05-28 19:40:05'),
(86, 19, 'Demarcus Lynch', 'Laborum esse quibusdam pariatur a praesentium in. Doloribus accusantium architecto neque est facere. Quis praesentium illum ipsam maiores modi quis. Veritatis necessitatibus sed sit optio. Ut hic quia consequatur sint iusto illo.', 2, '2023-05-28 19:40:05', '2023-05-28 19:40:05'),
(87, 4, 'Nadia Lynch DVM', 'Aperiam aut nam facilis aut. Recusandae et ut deserunt id. Voluptatibus et veniam maiores.', 1, '2023-05-28 19:40:05', '2023-05-28 19:40:05'),
(88, 18, 'Ms. Rebecca Turcotte Sr.', 'Numquam qui dignissimos est est. Veniam sed quos esse qui quod delectus. Facilis qui debitis aperiam et.', 2, '2023-05-28 19:40:05', '2023-05-28 19:40:05'),
(89, 28, 'Dr. Hettie Schowalter', 'Sapiente autem quod et facere fugit voluptas. Quia dolor laudantium aliquam qui. Cumque reprehenderit atque ut fugiat.', 3, '2023-05-28 19:40:05', '2023-05-28 19:40:05'),
(90, 41, 'Lourdes Adams', 'Accusantium magnam modi id illo. Labore optio qui ea voluptatem odio et. Neque quia cumque voluptas et a nobis autem nam.', 5, '2023-05-28 19:40:05', '2023-05-28 19:40:05'),
(91, 28, 'Litzy Beier', 'Dolore aliquid molestiae fuga eum repellendus. Fugit possimus sint veniam sit et ipsa qui. Voluptates necessitatibus ut suscipit aliquid et voluptatibus. Modi fugit est sit modi possimus officia explicabo.', 0, '2023-05-28 19:40:05', '2023-05-28 19:40:05'),
(92, 32, 'Cristina Lockman', 'Voluptatem quis laborum est dolorum incidunt et. Qui voluptas accusamus eaque qui quia. Esse dolores vero quia commodi magnam. Commodi sed nemo ea occaecati ut ut.', 1, '2023-05-28 19:40:05', '2023-05-28 19:40:05'),
(93, 45, 'Eleanore Smith', 'Vero commodi delectus neque sit omnis. Iusto laborum dolores fuga dolorum quia est unde quaerat. Nihil optio rerum saepe.', 5, '2023-05-28 19:40:05', '2023-05-28 19:40:05'),
(94, 18, 'Dereck Wisozk Jr.', 'In provident autem sapiente ut omnis deleniti facilis. Vero voluptatem officiis et vero ut.', 3, '2023-05-28 19:40:05', '2023-05-28 19:40:05'),
(95, 11, 'Dr. Pierre Brekke III', 'Sunt sit soluta ut similique optio laboriosam. Consequuntur earum et quam voluptatem rerum sint.', 0, '2023-05-28 19:40:05', '2023-05-28 19:40:05'),
(96, 28, 'Prof. Rocio Durgan Jr.', 'Aliquid quisquam exercitationem dolores sed. Deserunt aut inventore odio ea suscipit beatae mollitia. Earum perspiciatis sed deleniti perspiciatis tenetur laboriosam libero adipisci.', 4, '2023-05-28 19:40:05', '2023-05-28 19:40:05'),
(97, 42, 'Lonzo Jacobi', 'Earum minima quos voluptas eos nihil reiciendis. Et qui iste aliquid exercitationem eveniet sed. Eos a est molestiae sint deleniti libero perspiciatis. Tempora nihil mollitia aut similique officia officia ut.', 0, '2023-05-28 19:40:05', '2023-05-28 19:40:05'),
(98, 28, 'Joaquin Armstrong', 'At aspernatur dolorem at quae quia aut nam impedit. Ab vero voluptate eaque eos voluptas autem. Quisquam nesciunt molestias illo impedit repellendus vero velit. Recusandae totam rerum autem beatae. Est harum aut nisi recusandae excepturi ut.', 0, '2023-05-28 19:40:05', '2023-05-28 19:40:05'),
(99, 43, 'Summer Stamm II', 'Eum necessitatibus qui quo ab eveniet est sit. Enim fugit ut consectetur nihil voluptas. Culpa eos accusantium sit excepturi officiis.', 4, '2023-05-28 19:40:05', '2023-05-28 19:40:05'),
(100, 26, 'Miss Alisha Orn', 'Distinctio cumque aut nesciunt consectetur dolor suscipit. Sunt magni qui eius voluptates in nihil. Quasi labore id consequatur numquam cumque aliquam.', 2, '2023-05-28 19:40:05', '2023-05-28 19:40:05'),
(101, 2, 'Oma Rogahn', 'Nisi alias aut tempora corrupti reprehenderit aperiam. Qui assumenda magnam ut dolorem blanditiis adipisci vitae. Odio alias qui temporibus eligendi placeat. Quis quo voluptatem et mollitia qui et.', 3, '2023-05-28 19:40:05', '2023-05-28 19:40:05'),
(102, 45, 'Art Lehner Sr.', 'Eveniet numquam eaque est eligendi nobis. Nemo in sed omnis commodi pariatur sed voluptatem. Quod consequatur ut quia consequatur aut voluptatum aut.', 0, '2023-05-28 19:40:05', '2023-05-28 19:40:05'),
(103, 6, 'Harmon Dickens', 'Id aut laudantium est. Officiis molestiae sunt voluptatem autem consequatur velit. Qui quas id iusto voluptatibus non quo ut.', 0, '2023-05-28 19:40:05', '2023-05-28 19:40:05'),
(104, 49, 'Eleanore Nienow', 'Fugiat illo non aut animi animi dolor. Et maxime porro iste qui id nemo. Illo nihil magnam non esse ut ducimus explicabo.', 3, '2023-05-28 19:40:05', '2023-05-28 19:40:05'),
(105, 42, 'Tressie Reinger', 'Voluptas aspernatur et temporibus veniam. Nisi non sed nisi. Hic sint optio qui possimus modi. Repudiandae voluptatem sed culpa eligendi id dolor labore. Cupiditate ut et asperiores sit distinctio fugiat.', 2, '2023-05-28 19:40:05', '2023-05-28 19:40:05'),
(106, 34, 'Cassie Tromp', 'Animi qui ducimus quia fugiat sit nulla. Ut expedita doloribus alias voluptatum aut aut. Expedita dicta asperiores veritatis. Ducimus debitis iste laudantium asperiores ut. Officiis expedita et dolor repellendus.', 4, '2023-05-28 19:40:05', '2023-05-28 19:40:05'),
(107, 41, 'Otto Block', 'Recusandae est asperiores incidunt corrupti qui iure. Sit iure quas blanditiis dicta unde et consectetur eum. Velit sunt labore reprehenderit. Omnis qui reiciendis quidem et repellat quas dolorum.', 2, '2023-05-28 19:40:05', '2023-05-28 19:40:05'),
(108, 1, 'Durward Marvin', 'Voluptatem ad nostrum rerum natus. Qui aliquam eveniet odio placeat blanditiis ut aut. Libero sed veritatis earum quaerat beatae perferendis ratione.', 2, '2023-05-28 19:40:05', '2023-05-28 19:40:05'),
(109, 1, 'Dr. Kamren Rogahn', 'Eaque voluptatem vero voluptatem in sed. Officiis maiores cupiditate sint quo. Quae et aut porro illum repudiandae.', 0, '2023-05-28 19:40:05', '2023-05-28 19:40:05'),
(110, 47, 'Leon Lockman DVM', 'Et pariatur commodi vitae ipsa occaecati sed amet. Voluptas sed nisi voluptatum soluta magni. Rerum nobis corrupti voluptates recusandae.', 0, '2023-05-28 19:40:05', '2023-05-28 19:40:05'),
(111, 45, 'Prince Barrows', 'Doloremque voluptatem sequi quis voluptatum tenetur. Nostrum natus velit sint quo dolorum deserunt sed minima. Temporibus impedit quia alias nulla debitis voluptas quo.', 1, '2023-05-28 19:40:05', '2023-05-28 19:40:05'),
(112, 28, 'Joshua Murphy', 'Voluptatem amet blanditiis facilis est dignissimos. Delectus quia quod illo sit animi quam odit. Velit eaque accusantium et sit.', 4, '2023-05-28 19:40:05', '2023-05-28 19:40:05'),
(113, 29, 'Mr. Marcelo Barrows', 'Minus eos laudantium inventore veritatis quibusdam quas. Et dignissimos corrupti impedit error pariatur officia. Est voluptate ipsam impedit aut dolor et.', 2, '2023-05-28 19:40:05', '2023-05-28 19:40:05'),
(114, 1, 'Dr. Jewel Hill', 'Atque dignissimos qui sequi ut. Officia alias omnis et aspernatur ducimus facere ea. Unde similique repellendus consequuntur non rerum numquam.', 0, '2023-05-28 19:40:05', '2023-05-28 19:40:05'),
(115, 31, 'Uriah DuBuque', 'Commodi numquam aperiam repudiandae minima exercitationem. Non dolorem corporis id vitae culpa vitae illo. Nobis saepe voluptate sequi vel quo quas maxime beatae. Est eum consectetur rem aperiam consequatur quod eaque. Iure ducimus perferendis similique necessitatibus id totam.', 1, '2023-05-28 19:40:05', '2023-05-28 19:40:05'),
(116, 21, 'Lorenza Herzog', 'Ex ad deleniti nisi quis eaque voluptas. Rerum tempore ut quod dolorem a. Cum aut laboriosam tempora nulla ut rerum non.', 1, '2023-05-28 19:40:05', '2023-05-28 19:40:05'),
(117, 5, 'Amparo Rippin Jr.', 'Fuga est tenetur nobis eligendi neque est. Provident perspiciatis aspernatur laudantium harum voluptas. Et qui excepturi fuga fugiat illo omnis autem. Debitis voluptates ea qui voluptatem ut vitae voluptatem. Reprehenderit quo magni unde harum.', 0, '2023-05-28 19:40:05', '2023-05-28 19:40:05'),
(118, 27, 'Alexis Upton', 'Commodi qui ducimus sed incidunt quaerat. Architecto dolores necessitatibus laborum nam et earum.', 2, '2023-05-28 19:40:05', '2023-05-28 19:40:05'),
(119, 27, 'Miller Gislason', 'Libero ipsa nostrum eligendi. Dicta sit deleniti dolorum quia et et nihil. Vitae sed maiores est dolores consectetur nihil recusandae.', 4, '2023-05-28 19:40:05', '2023-05-28 19:40:05'),
(120, 10, 'Mr. Walter Jast', 'Porro est sequi rem quia voluptatibus architecto. Ex sunt nam sapiente. Ad ullam minima id at.', 4, '2023-05-28 19:40:05', '2023-05-28 19:40:05'),
(121, 42, 'Nyasia Ziemann', 'Sint vitae perspiciatis voluptas et est magni. Enim qui est et voluptate quia. Non et laborum aut ipsa et. Eum nisi expedita voluptatem doloremque ipsa cumque eius.', 5, '2023-05-28 19:40:05', '2023-05-28 19:40:05'),
(122, 19, 'Kelly Doyle', 'Quibusdam ut aut tempore deleniti. Blanditiis dicta et rerum fuga architecto neque. Vitae delectus fuga quo quae.', 5, '2023-05-28 19:40:05', '2023-05-28 19:40:05'),
(123, 33, 'Prof. Nikolas Leffler', 'Nihil quae aliquid dicta a deserunt quam. Quibusdam labore ea magnam qui itaque.', 3, '2023-05-28 19:40:05', '2023-05-28 19:40:05'),
(124, 50, 'Alvah Wiegand', 'Ipsam et exercitationem ea. Quis aliquam quibusdam ipsum vitae fugit deserunt praesentium suscipit. Consectetur nisi voluptatem laudantium delectus inventore nemo vel. Aperiam veritatis magni magni reiciendis eos dolorum voluptates.', 4, '2023-05-28 19:40:05', '2023-05-28 19:40:05'),
(125, 41, 'Mr. Justus Collier DDS', 'Tempora sed porro sed et. Quo earum aut non ipsam consequuntur.', 0, '2023-05-28 19:40:05', '2023-05-28 19:40:05'),
(126, 14, 'Ova Gusikowski', 'Exercitationem quisquam repellendus accusantium fugit id. Et excepturi id repellendus nihil soluta dolores similique. Consequatur at expedita est quia quas nemo et. Sequi asperiores quidem deleniti a est et. Laboriosam et qui non cupiditate non nostrum est.', 1, '2023-05-28 19:40:05', '2023-05-28 19:40:05'),
(127, 3, 'Chaim Ankunding', 'Sint aperiam vel culpa hic omnis. Quia dolorum necessitatibus dolorem voluptatem. Facere in sequi similique natus non quam. Natus recusandae alias qui placeat. Suscipit id architecto et recusandae.', 3, '2023-05-28 19:40:05', '2023-05-28 19:40:05'),
(128, 49, 'General Ullrich', 'Tenetur quia sapiente dolorem. Sint natus ea est minus dolorum. Maxime ut aperiam voluptatem soluta provident. Aperiam ut neque deserunt dolores est quidem quia autem.', 1, '2023-05-28 19:40:05', '2023-05-28 19:40:05'),
(129, 25, 'Dr. Jermain Yundt DDS', 'Eveniet laborum voluptatem rerum. Deleniti quia veniam non eum velit ea nisi. Est dolorem labore ut molestias deleniti veritatis animi. Rerum possimus dolorem accusamus dolore est.', 1, '2023-05-28 19:40:05', '2023-05-28 19:40:05'),
(130, 29, 'Mr. Shayne Greenfelder MD', 'Vitae quasi deleniti commodi aut et dolores. Non quo eum delectus exercitationem quia. Dignissimos nemo sed minus eligendi praesentium dolores quis itaque.', 5, '2023-05-28 19:40:05', '2023-05-28 19:40:05'),
(131, 39, 'Prof. Lionel Jacobson', 'Saepe quo dolores id. Porro suscipit itaque iste veniam. Adipisci similique iste quo est inventore.', 1, '2023-05-28 19:40:05', '2023-05-28 19:40:05'),
(132, 9, 'Rosalyn Hodkiewicz MD', 'Quia praesentium doloremque mollitia rem recusandae dolorum. Unde ex eos dolore dolorem autem rerum.', 4, '2023-05-28 19:40:05', '2023-05-28 19:40:05'),
(133, 7, 'Prof. Nigel Langworth III', 'Magnam non totam accusantium autem nam reprehenderit nulla dolores. Dicta perspiciatis aliquam quae voluptate. Quia ex ut et laboriosam non reprehenderit.', 5, '2023-05-28 19:40:05', '2023-05-28 19:40:05'),
(134, 49, 'Eugenia Farrell', 'Vel iure quas et laudantium aperiam quia error. Hic pariatur sed at est qui nulla doloremque cumque. Quae dignissimos repudiandae ullam consectetur.', 0, '2023-05-28 19:40:05', '2023-05-28 19:40:05'),
(135, 31, 'Prof. Haylie Kreiger', 'Non quae non expedita omnis. Iste praesentium aut maxime quisquam et.', 3, '2023-05-28 19:40:05', '2023-05-28 19:40:05'),
(136, 40, 'Blanca Krajcik', 'Voluptas sed optio dicta et doloremque laboriosam. Sit consequatur autem delectus iure omnis occaecati. Aliquam aliquid iste nostrum qui nulla vel. Blanditiis velit quia nobis.', 1, '2023-05-28 19:40:05', '2023-05-28 19:40:05'),
(137, 31, 'Cade Mertz Jr.', 'Rerum provident et delectus quam. Dolorum consectetur consequuntur nemo ducimus quia est. Vel quidem et laboriosam rem exercitationem recusandae. Vel repellat veniam explicabo cupiditate provident quos molestiae.', 2, '2023-05-28 19:40:05', '2023-05-28 19:40:05'),
(138, 27, 'Robin Hoeger', 'Aspernatur et qui et adipisci. Facere alias enim eum culpa dolorem laboriosam voluptas dolores. Et officiis consequatur voluptate laborum qui et nostrum. Maiores molestiae deserunt aperiam deserunt et.', 4, '2023-05-28 19:40:05', '2023-05-28 19:40:05'),
(139, 14, 'Vernie Greenholt', 'Et cum provident qui. Sapiente quia laborum libero non rerum est voluptas non. Aperiam assumenda optio voluptatem aspernatur sit vitae doloremque ut. Ea asperiores accusamus est est.', 2, '2023-05-28 19:40:05', '2023-05-28 19:40:05'),
(140, 38, 'Dr. Frida Bednar', 'Perspiciatis quia quo illum voluptatibus. Expedita magni cumque dolores quis sunt voluptas. Ipsa eos vel et. Consequuntur asperiores aut nulla dolorum amet et.', 5, '2023-05-28 19:40:05', '2023-05-28 19:40:05'),
(141, 5, 'Warren Witting Jr.', 'Exercitationem harum quos et alias. Autem iste sit molestiae repudiandae. Rerum explicabo autem repellendus voluptatem. Et enim a dolore dolor.', 0, '2023-05-28 19:40:05', '2023-05-28 19:40:05'),
(142, 47, 'Dr. Izaiah Carter', 'Vel aut omnis occaecati omnis occaecati quia ea. Voluptas aspernatur et debitis explicabo et vitae. Autem non ut repellat repudiandae.', 2, '2023-05-28 19:40:05', '2023-05-28 19:40:05'),
(143, 17, 'Kayleigh Krajcik', 'Vel nisi fugiat occaecati ducimus illo fugit reprehenderit. Et iste ea magni similique quidem fuga sint. Aliquam illum omnis sunt porro dolor ipsam. Quidem molestiae quod maxime nihil unde voluptatem. Doloribus qui provident et aliquam sapiente odio.', 5, '2023-05-28 19:40:05', '2023-05-28 19:40:05'),
(144, 11, 'Mrs. Brigitte Volkman', 'Ullam non reprehenderit sed libero qui odio et. Perferendis earum explicabo id ut necessitatibus dicta consequatur. Itaque explicabo distinctio id. Doloremque consequatur quos omnis qui est.', 4, '2023-05-28 19:40:05', '2023-05-28 19:40:05'),
(145, 23, 'Camylle Macejkovic II', 'Error sed cumque minima ipsa sit odio. Vel est voluptatum asperiores mollitia enim ea non. Expedita pariatur consequatur quidem veritatis perspiciatis nisi totam.', 2, '2023-05-28 19:40:05', '2023-05-28 19:40:05'),
(146, 41, 'Annie Walker', 'Sed et delectus pariatur et dolores et ea. Repellat atque sed exercitationem eum. In pariatur sint dolorum aspernatur qui dolorem autem.', 3, '2023-05-28 19:40:05', '2023-05-28 19:40:05'),
(147, 44, 'Alessandra Koepp', 'Sit enim distinctio tempora. Iusto id quos quis quas et error. Eum quod ut aperiam.', 0, '2023-05-28 19:40:05', '2023-05-28 19:40:05'),
(148, 14, 'Dan Graham', 'Voluptatibus beatae autem sed ab. Aspernatur consequatur rem vero quas ut quia at est. Laborum sed enim illum delectus sit est.', 2, '2023-05-28 19:40:05', '2023-05-28 19:40:05'),
(149, 41, 'Ms. Nina Lesch MD', 'Porro explicabo laborum sed est suscipit quia sunt. Est incidunt incidunt consectetur sit dolor dolore. Veniam et ut laboriosam occaecati enim. Quasi quam dolorum similique sint soluta.', 2, '2023-05-28 19:40:05', '2023-05-28 19:40:05'),
(150, 11, 'Mrs. Joanne Balistreri', 'Quia quia similique illo voluptate adipisci sapiente dicta. Est sit velit voluptates pariatur. Assumenda aut et corporis.', 3, '2023-05-28 19:40:05', '2023-05-28 19:40:05'),
(151, 17, 'Izaiah Kutch', 'Non quo temporibus esse error fugiat soluta. Culpa fugiat recusandae corrupti voluptatem fugiat dolor magnam. Exercitationem nulla et rem iusto commodi. Aperiam omnis et earum qui expedita aut dolorem velit.', 3, '2023-05-28 19:40:05', '2023-05-28 19:40:05'),
(152, 50, 'Ms. Brandi Wintheiser', 'Quo totam modi possimus doloribus. Mollitia earum incidunt rerum architecto quo. Aut sed itaque est eum ipsum aperiam nisi quis.', 1, '2023-05-28 19:40:05', '2023-05-28 19:40:05'),
(153, 17, 'Graciela Wintheiser', 'Officia voluptate aut tenetur nulla quod. Quasi corrupti mollitia cum adipisci esse sed. Aut sit et in laudantium sint eaque.', 2, '2023-05-28 19:40:05', '2023-05-28 19:40:05'),
(154, 9, 'Giovanny Konopelski', 'Voluptas et facilis eos voluptatum laudantium officiis voluptatem. Quisquam commodi est et nam soluta velit quia. Cum autem consequatur rerum voluptatum. Nostrum et repellendus qui amet illum.', 4, '2023-05-28 19:40:05', '2023-05-28 19:40:05'),
(155, 19, 'Dr. Amelie Moore', 'Eaque rerum animi eum est delectus in quasi possimus. Totam cupiditate ut incidunt vero maiores illo nemo. Et aut odio ut ut corporis.', 3, '2023-05-28 19:40:05', '2023-05-28 19:40:05'),
(156, 39, 'Dr. Merle Wilderman PhD', 'Sequi tempora inventore sed facilis ut corporis repellat voluptas. Et est accusamus fuga aliquid. Impedit saepe ducimus beatae aliquid consequatur repellat. Laborum voluptatibus illo voluptas laudantium distinctio nesciunt. Modi deserunt consequatur officia assumenda natus qui.', 4, '2023-05-28 19:40:05', '2023-05-28 19:40:05'),
(157, 6, 'Marie Huels', 'Provident maxime consequuntur voluptatem illo incidunt labore minus. Est in tempora distinctio architecto. Quaerat architecto nihil doloremque. Qui est recusandae expedita reiciendis.', 1, '2023-05-28 19:40:05', '2023-05-28 19:40:05'),
(158, 36, 'Jaylin Walsh', 'Eos tempora asperiores sed similique. Distinctio et qui pariatur deleniti placeat. Non nisi qui est ut similique accusamus.', 5, '2023-05-28 19:40:05', '2023-05-28 19:40:05'),
(159, 31, 'Kailey Oberbrunner', 'Aut saepe delectus accusantium fugit iusto voluptates. Voluptates fugit minima rem est dolores delectus ut. Ut in praesentium non voluptatem quibusdam. A laudantium quia optio minima consequatur omnis unde.', 0, '2023-05-28 19:40:05', '2023-05-28 19:40:05'),
(160, 12, 'Mrs. Kariane Hegmann', 'Necessitatibus qui numquam sed qui dolores voluptas. Saepe quis et pariatur tempore quo voluptate quasi. Ut omnis qui saepe aut quaerat est. Sequi sequi totam dolorem tempore vel accusamus ut.', 1, '2023-05-28 19:40:05', '2023-05-28 19:40:05'),
(161, 11, 'Athena King', 'Exercitationem soluta et occaecati nihil magnam. Sit aliquam debitis id ut quas ad delectus voluptatibus. Voluptas assumenda ut et accusamus maxime enim. Facilis amet pariatur et natus iste veniam doloremque.', 4, '2023-05-28 19:40:05', '2023-05-28 19:40:05'),
(162, 3, 'Talia Lueilwitz', 'Fugiat pariatur qui dolorem architecto voluptate. Illo itaque corporis nemo. Enim sit eos aliquam sint quas quibusdam.', 3, '2023-05-28 19:40:05', '2023-05-28 19:40:05'),
(163, 28, 'Nathen Prosacco', 'Velit deserunt ducimus in. Deserunt voluptate similique velit ipsum recusandae. Aspernatur aut atque dicta officiis neque sint.', 2, '2023-05-28 19:40:05', '2023-05-28 19:40:05'),
(164, 43, 'Haylee Gerhold', 'Asperiores non dicta non autem qui. Qui iure cum nihil quidem. Neque repellat quos aut sint vel voluptates.', 4, '2023-05-28 19:40:05', '2023-05-28 19:40:05'),
(165, 13, 'Nyah Emmerich', 'Voluptatem fuga soluta vel et culpa deleniti a. Ab officiis qui delectus repellendus adipisci veritatis. Ut ipsum fugit modi necessitatibus placeat. Sequi laudantium et libero.', 3, '2023-05-28 19:40:05', '2023-05-28 19:40:05'),
(166, 18, 'Prof. Andy Goyette', 'Et maiores eos quos corporis sed maxime et est. Consequuntur recusandae officiis reprehenderit facilis rerum omnis. Nemo blanditiis nam impedit asperiores. In officiis sed recusandae non reprehenderit voluptatum et.', 5, '2023-05-28 19:40:05', '2023-05-28 19:40:05'),
(167, 27, 'Brook Dickinson Jr.', 'Omnis eveniet sint est hic aut. Est quo dolores tenetur est. Amet soluta minus minus aspernatur.', 2, '2023-05-28 19:40:05', '2023-05-28 19:40:05'),
(168, 40, 'Alessia Nitzsche', 'A voluptatem sequi nihil et. Voluptatem autem laudantium aut repudiandae et velit. Eos culpa in dolore nam iusto.', 0, '2023-05-28 19:40:05', '2023-05-28 19:40:05'),
(169, 30, 'Miss Winnifred Mayert', 'Dolorem possimus fugit qui sit accusamus. Cum accusantium recusandae ut. Est occaecati incidunt autem eius facere fugiat quia. Et cupiditate unde earum aut. Sit porro ea enim qui doloremque.', 0, '2023-05-28 19:40:05', '2023-05-28 19:40:05'),
(170, 14, 'Jayden Huels I', 'Sit maxime distinctio dolorum temporibus quae dolores. Voluptatem voluptatem quasi consequuntur commodi dolorem. Vel in vitae aut. Labore explicabo illo non doloribus incidunt quia dolorum laboriosam.', 0, '2023-05-28 19:40:05', '2023-05-28 19:40:05'),
(171, 49, 'Carissa Johnston', 'Doloremque modi natus cumque qui. Quis labore eligendi dolor. Ab dolores id ut ut placeat voluptas. Veniam quia qui voluptatem aut laboriosam eligendi.', 4, '2023-05-28 19:40:05', '2023-05-28 19:40:05'),
(172, 41, 'Titus Turner PhD', 'Ea facilis vero iure neque tempore recusandae a. Libero accusantium cupiditate temporibus dolorem. Quas expedita molestiae perspiciatis ad. Modi labore excepturi mollitia quod suscipit.', 0, '2023-05-28 19:40:05', '2023-05-28 19:40:05'),
(173, 47, 'Ms. Mafalda Kiehn V', 'Exercitationem vel quo nihil tenetur iure dolor. Similique incidunt deserunt delectus illum mollitia. Iure incidunt facere sint unde vel qui cum. Nulla soluta neque alias voluptatem.', 5, '2023-05-28 19:40:05', '2023-05-28 19:40:05'),
(174, 44, 'Retha Senger', 'Sequi pariatur iusto provident laudantium voluptas excepturi. Assumenda similique cupiditate et dignissimos voluptates ipsam. Laborum quidem quisquam esse qui. Necessitatibus voluptatem ut neque laboriosam id totam.', 3, '2023-05-28 19:40:05', '2023-05-28 19:40:05'),
(175, 46, 'Miss Delia Jacobson PhD', 'Officiis qui voluptas nam nihil. Rerum sit harum magni qui molestiae adipisci dolores. Ullam voluptatum dignissimos in quia itaque expedita cupiditate.', 0, '2023-05-28 19:40:05', '2023-05-28 19:40:05'),
(176, 18, 'Vilma Smitham Sr.', 'Et totam ea praesentium voluptas optio. At quo vel officiis perspiciatis nisi explicabo minima. Similique ut quis laboriosam mollitia provident eum quo. Labore qui dolores omnis. Impedit aut repudiandae et sunt expedita ut architecto.', 2, '2023-05-28 19:40:05', '2023-05-28 19:40:05'),
(177, 2, 'Miss Janae Padberg I', 'Molestias pariatur minus modi quibusdam. Dolores autem aperiam animi ab. Voluptas iusto non incidunt ullam sunt dolore. Non mollitia corporis error est ut sunt officiis. Ut hic omnis enim sit eum voluptates.', 3, '2023-05-28 19:40:05', '2023-05-28 19:40:05'),
(178, 40, 'Marlon Cummings', 'Sint sequi ratione autem consequuntur sint. Aut sit repellat recusandae praesentium ea. Ducimus soluta ut illum excepturi porro eos. Est placeat occaecati provident quos repellat. Nihil facilis sint distinctio velit similique rerum qui iure.', 3, '2023-05-28 19:40:05', '2023-05-28 19:40:05'),
(179, 7, 'Micheal Doyle PhD', 'Et saepe voluptatem error amet placeat. Aut quo mollitia perferendis. Error rerum qui sed aut cupiditate.', 0, '2023-05-28 19:40:05', '2023-05-28 19:40:05'),
(180, 1, 'Rhett D\'Amore', 'Occaecati officia maiores dolores vero voluptas. Aut minus voluptas sint in voluptatem dolores dicta. Saepe eos et quaerat ut et nihil.', 3, '2023-05-28 19:40:05', '2023-05-28 19:40:05'),
(181, 39, 'Dr. Clementine Runolfsdottir', 'Quis quae expedita saepe sed animi quisquam. Qui dolor enim debitis velit. Ipsam earum eum minus voluptate dignissimos rerum repudiandae.', 4, '2023-05-28 19:40:05', '2023-05-28 19:40:05'),
(182, 3, 'Miss Loraine Hettinger I', 'Aliquam velit quos beatae et maiores dicta in. Maiores optio consectetur porro. Fuga voluptatem accusantium eveniet voluptatem corporis dolore voluptas.', 1, '2023-05-28 19:40:05', '2023-05-28 19:40:05'),
(183, 22, 'Pauline Armstrong DDS', 'Tempora hic aut dignissimos at unde accusamus alias est. Et tempora in quibusdam quidem et. Quaerat et nesciunt aut consequatur culpa architecto. Ducimus quia dolorem repudiandae sequi minima.', 5, '2023-05-28 19:40:05', '2023-05-28 19:40:05'),
(184, 39, 'Lesley Marquardt', 'Praesentium molestiae enim autem aut iusto libero rem. Veritatis id ipsam veniam sunt possimus. Placeat sit voluptas enim laboriosam aut dolor distinctio.', 2, '2023-05-28 19:40:05', '2023-05-28 19:40:05'),
(185, 50, 'Juston Blanda', 'Repellat eum corrupti quod quisquam quos sapiente cumque fugiat. Enim sint consequatur dicta nihil maxime magni quisquam. Aut voluptate accusantium et.', 5, '2023-05-28 19:40:05', '2023-05-28 19:40:05'),
(186, 8, 'Dr. Margaret Gislason III', 'Ea commodi provident est totam accusantium. Exercitationem quidem vero est iure non quasi dolor architecto.', 3, '2023-05-28 19:40:05', '2023-05-28 19:40:05'),
(187, 39, 'Treva Gislason', 'Similique eos quis soluta sint. Doloremque nihil perspiciatis delectus.', 0, '2023-05-28 19:40:05', '2023-05-28 19:40:05'),
(188, 23, 'Mr. Verner Gislason III', 'Veniam ut ipsa enim enim ut quas. Recusandae consequuntur tempore culpa nesciunt. Aut facilis quo consequuntur magnam illum. Pariatur neque illum culpa aut dolorem blanditiis.', 0, '2023-05-28 19:40:05', '2023-05-28 19:40:05'),
(189, 9, 'Mr. Abner Rippin IV', 'Ratione quae sed quaerat consequatur. Earum qui quo enim ut quos. Reiciendis nihil qui sint eum. Dicta ducimus ipsam beatae hic magni ut.', 4, '2023-05-28 19:40:05', '2023-05-28 19:40:05'),
(190, 27, 'Melody Marvin PhD', 'Et dolor non sit numquam. Modi possimus at omnis mollitia dicta. Ad provident nisi non delectus.', 3, '2023-05-28 19:40:05', '2023-05-28 19:40:05'),
(191, 15, 'Geovany Okuneva II', 'Eaque accusamus consectetur officiis earum beatae amet enim maxime. Dolor magnam tenetur sed dolore porro sed. Animi non autem iusto autem nostrum sed aut. Voluptatibus excepturi enim natus vero quo ipsa occaecati.', 2, '2023-05-28 19:40:05', '2023-05-28 19:40:05'),
(192, 1, 'Dr. Marina Cruickshank II', 'Unde corrupti corrupti voluptas maxime. A minima illo illum rem consequatur. Numquam impedit doloremque magnam debitis temporibus eos. Suscipit placeat error saepe qui perferendis et.', 3, '2023-05-28 19:40:05', '2023-05-28 19:40:05'),
(193, 30, 'Angeline McClure', 'Mollitia deserunt in harum inventore voluptas aut. Ad provident impedit ea voluptates quae placeat. Earum quisquam et minus ex aut. Molestiae et eligendi repellendus pariatur reprehenderit est consequatur. Non quis voluptas sed qui dolorum et at.', 3, '2023-05-28 19:40:05', '2023-05-28 19:40:05'),
(194, 38, 'Janae Friesen', 'Inventore et in aliquam velit aut ab explicabo et. Est cumque non beatae tenetur voluptatem modi deserunt. Enim quam ullam necessitatibus sit quia. Reprehenderit laborum iusto explicabo.', 4, '2023-05-28 19:40:05', '2023-05-28 19:40:05'),
(195, 42, 'Ms. Alia Harber', 'Doloremque dolore deserunt aut maxime illum provident nulla architecto. Repellendus est consequatur quis architecto numquam. Earum nemo quod esse quia nostrum.', 5, '2023-05-28 19:40:05', '2023-05-28 19:40:05'),
(196, 37, 'Kristofer Pacocha Sr.', 'Nemo laudantium ducimus esse reiciendis eum. Ipsa ut autem est quas id ut ut quas. Accusamus reprehenderit corporis consequuntur dolorem.', 5, '2023-05-28 19:40:05', '2023-05-28 19:40:05'),
(197, 10, 'May Marquardt', 'Dignissimos odio exercitationem consequatur ducimus dicta delectus maiores. Eligendi quis ut sed eum. Debitis dolorem alias laudantium qui. Ad vel dolores deleniti saepe reprehenderit et ut.', 4, '2023-05-28 19:40:05', '2023-05-28 19:40:05'),
(198, 31, 'Mathew O\'Kon MD', 'Ea in recusandae et repellat sunt consequuntur eos est. Nemo praesentium error dolorem sunt. Laboriosam et labore est. Est iure numquam quisquam possimus sint ipsam cupiditate.', 5, '2023-05-28 19:40:05', '2023-05-28 19:40:05'),
(199, 7, 'Miss Madaline Conroy Sr.', 'Architecto aut itaque et placeat architecto omnis. Esse nostrum debitis vel aut voluptas alias et. At eius vitae aut consectetur eum.', 5, '2023-05-28 19:40:05', '2023-05-28 19:40:05'),
(200, 11, 'Xavier Hill', 'Nihil autem cum occaecati at et. Porro rerum deleniti mollitia quisquam. Necessitatibus qui ea aperiam aliquam maiores error dignissimos.', 1, '2023-05-28 19:40:05', '2023-05-28 19:40:05'),
(201, 19, 'Berenice Schmeler', 'Deleniti voluptatibus nam ipsam voluptatum corporis ipsam. Distinctio dolor quos labore molestiae minima quam. Eum quis aspernatur dolorum minima eveniet minima voluptatem.', 2, '2023-05-28 19:40:05', '2023-05-28 19:40:05'),
(202, 33, 'Nick Hartmann', 'Veritatis maiores et odit mollitia eligendi eius. Esse qui molestias quia. Qui modi quaerat quae soluta. Accusantium et quia dolorum rerum itaque est qui velit.', 0, '2023-05-28 19:40:05', '2023-05-28 19:40:05'),
(203, 49, 'Dr. Anthony Kemmer', 'Quos pariatur culpa non eveniet aut magnam quisquam enim. Non ipsum est dignissimos totam reiciendis. In consequatur dolore quisquam rerum provident. Quasi qui odio libero excepturi mollitia porro quasi.', 4, '2023-05-28 19:40:05', '2023-05-28 19:40:05'),
(204, 46, 'Felipe Carroll', 'Delectus ullam doloribus enim molestiae quia sapiente. Atque provident repellendus reprehenderit iure rem et enim. Quis aut dolor expedita atque amet vero.', 0, '2023-05-28 19:40:05', '2023-05-28 19:40:05'),
(205, 22, 'Ms. Kiana Walter MD', 'Magnam repudiandae illum deleniti et. Molestiae voluptatibus sunt porro dolorem nesciunt voluptas. Debitis esse necessitatibus mollitia laboriosam qui et necessitatibus ducimus. Consequatur non nihil non enim aut.', 2, '2023-05-28 19:40:05', '2023-05-28 19:40:05');
INSERT INTO `reviews` (`id`, `product_id`, `customer`, `review`, `star`, `created_at`, `updated_at`) VALUES
(206, 18, 'Prof. Sean Hagenes', 'Aliquid provident labore pariatur et neque eaque. Laborum alias id aspernatur eligendi est. Distinctio repellendus animi quam adipisci. Eos iure quisquam omnis illo est vel nam sed.', 0, '2023-05-28 19:40:05', '2023-05-28 19:40:05'),
(207, 13, 'Larry Kihn PhD', 'Dolor porro nesciunt nemo reiciendis enim quam quisquam. Voluptate totam omnis voluptas blanditiis. Velit illum ut iste porro laboriosam aut necessitatibus quisquam. Assumenda omnis molestiae dolor harum.', 5, '2023-05-28 19:40:05', '2023-05-28 19:40:05'),
(208, 19, 'Crystel Fritsch', 'Dicta non unde eos aut aut. Consequuntur aut quis harum voluptates quo.', 4, '2023-05-28 19:40:05', '2023-05-28 19:40:05'),
(209, 46, 'Prof. Estella Brown', 'Officiis aut omnis rerum temporibus. Quia sit sed laboriosam et quod pariatur vel. Ab voluptas beatae rerum harum ut.', 3, '2023-05-28 19:40:05', '2023-05-28 19:40:05'),
(210, 29, 'Juston Carroll II', 'Reprehenderit quia est a saepe molestiae omnis pariatur fugiat. Atque at numquam eos harum. Optio sint provident ipsum sapiente provident vero reprehenderit corporis. Dolorum rerum ut illo harum pariatur.', 5, '2023-05-28 19:40:05', '2023-05-28 19:40:05'),
(211, 19, 'Prof. Albert Bahringer I', 'Quis et ab inventore alias similique voluptas iste. Fuga molestias quaerat rem corrupti vitae numquam consequatur. Et et dolores earum commodi qui sit. Ratione voluptatem inventore dolor doloribus in id quo.', 0, '2023-05-28 19:40:05', '2023-05-28 19:40:05'),
(212, 26, 'Josephine Kerluke', 'Dolorem pariatur doloribus architecto eum. Cumque qui nostrum beatae quam. Sed sit porro in hic. Numquam necessitatibus perferendis totam ipsam.', 2, '2023-05-28 19:40:05', '2023-05-28 19:40:05'),
(213, 27, 'Marcelino Torp', 'Neque corrupti repellat eveniet tempore accusamus. Est unde quo omnis dolor. Minima quaerat facere qui totam rem cum. Ex voluptatem error quia.', 2, '2023-05-28 19:40:05', '2023-05-28 19:40:05'),
(214, 3, 'Meda Gutmann V', 'Numquam aut odit eos. Commodi quo hic qui quo iure fugit. Repellat pariatur totam quia. Id consectetur est dolore modi.', 2, '2023-05-28 19:40:05', '2023-05-28 19:40:05'),
(215, 16, 'Prof. Abbie Lehner', 'Voluptas non minima officiis dolore. Qui eum est autem iste atque voluptatem. Autem nemo veritatis odit occaecati eum optio unde cumque.', 4, '2023-05-28 19:40:05', '2023-05-28 19:40:05'),
(216, 50, 'Elta Lebsack', 'Magnam sed pariatur eos quia dolores perferendis eum. Laudantium fugit doloribus nesciunt nobis. Enim quis similique necessitatibus deserunt nesciunt nobis sint.', 3, '2023-05-28 19:40:05', '2023-05-28 19:40:05'),
(217, 50, 'Napoleon Rolfson', 'Et excepturi voluptatum quisquam. Quas provident dolores autem autem. Alias et distinctio sit placeat et officia id qui.', 1, '2023-05-28 19:40:05', '2023-05-28 19:40:05'),
(218, 42, 'Mr. Cary Hoeger', 'Quo et odio voluptatum saepe quis. Dolores ducimus et amet dicta. Voluptas sequi commodi adipisci. Voluptate repellat quo et reiciendis distinctio et laborum id.', 5, '2023-05-28 19:40:05', '2023-05-28 19:40:05'),
(219, 50, 'Eduardo Yost', 'Est id sapiente sed a. Laudantium nobis voluptatum maiores omnis accusamus sed ipsam. Hic ut fugiat molestiae sit modi. Rerum voluptas eligendi reiciendis voluptas excepturi sapiente sequi.', 5, '2023-05-28 19:40:05', '2023-05-28 19:40:05'),
(220, 28, 'Josie Pfannerstill', 'Rem debitis porro voluptas eos. Sunt ipsa fugit in qui ad et. Et iste voluptatem asperiores reprehenderit quibusdam. Ab et quia odit exercitationem.', 1, '2023-05-28 19:40:05', '2023-05-28 19:40:05'),
(221, 42, 'Chelsie Zulauf', 'Reprehenderit sapiente ex corporis porro sequi ad. Nesciunt maxime dolores eum porro odit quo. Aut ut eum neque est.', 0, '2023-05-28 19:40:05', '2023-05-28 19:40:05'),
(222, 32, 'Mr. Allan Kreiger DDS', 'Laudantium tempore natus et expedita nesciunt delectus error. Consequatur aut illo et accusamus qui sunt voluptatem corrupti. Cum maiores rem iusto eum cum ullam. Quis quo nam atque ut consectetur.', 0, '2023-05-28 19:40:05', '2023-05-28 19:40:05'),
(223, 44, 'Alisha Hessel PhD', 'Est quas libero consequuntur itaque eaque. Qui quod ipsa expedita aut vero quo et et. Aut ipsa nemo ipsum distinctio aut.', 2, '2023-05-28 19:40:05', '2023-05-28 19:40:05'),
(224, 33, 'Angelita Kunze', 'Neque esse explicabo excepturi voluptas est non sed eius. Consectetur rem suscipit quo repudiandae. Qui quia dolorem impedit consectetur adipisci enim necessitatibus.', 4, '2023-05-28 19:40:05', '2023-05-28 19:40:05'),
(225, 22, 'Catharine Schneider', 'Distinctio sit ad esse molestiae earum omnis. Voluptatem reiciendis architecto reiciendis vel rerum et qui. Est quam consequatur neque qui et. Sit nihil ullam porro fuga.', 3, '2023-05-28 19:40:05', '2023-05-28 19:40:05'),
(226, 26, 'Prof. Buck Doyle DDS', 'Omnis vitae ut architecto perspiciatis repellendus officiis rerum. Soluta soluta ex ut enim. Quia qui dolorum ex sequi ut officiis. Itaque asperiores numquam quia.', 0, '2023-05-28 19:40:05', '2023-05-28 19:40:05'),
(227, 17, 'Everett Breitenberg', 'Soluta et autem architecto excepturi. Esse sed magnam rerum officiis qui est pariatur. Eius accusantium eos unde quis. Voluptas et maiores et earum.', 4, '2023-05-28 19:40:05', '2023-05-28 19:40:05'),
(228, 14, 'Anya Moore', 'Nesciunt placeat dignissimos nemo. Fuga enim iste repellendus et nisi consequatur adipisci laborum. Commodi rerum voluptatibus non ipsam rerum voluptatem quasi.', 3, '2023-05-28 19:40:05', '2023-05-28 19:40:05'),
(229, 38, 'Mina Harvey', 'Et et perspiciatis hic laudantium nobis qui. Maiores nemo beatae non aut repellendus. Eum sed itaque qui officiis explicabo officia ipsam velit. Sequi non voluptas recusandae voluptates facere ut odit. Et totam necessitatibus incidunt minus iusto.', 2, '2023-05-28 19:40:05', '2023-05-28 19:40:05'),
(230, 35, 'Camron Baumbach', 'Consequatur facere temporibus in. Non facere distinctio explicabo id dolor quia quod. Amet non assumenda qui odit. Blanditiis suscipit voluptas quo nesciunt. Quis voluptate iure perferendis ratione.', 5, '2023-05-28 19:40:05', '2023-05-28 19:40:05'),
(231, 33, 'Prof. Ricky Predovic', 'Tempora tenetur est quia fugiat. Est commodi corrupti commodi pariatur. Incidunt voluptates quidem sapiente. Qui voluptatem et minima illo consequatur. Vel aut molestiae doloribus cumque praesentium nisi impedit odio.', 2, '2023-05-28 19:40:05', '2023-05-28 19:40:05'),
(232, 26, 'Laverna Reynolds', 'Tenetur exercitationem qui excepturi eos cumque. Placeat accusamus accusamus dolor. Hic recusandae qui et qui explicabo iusto nihil. Officiis voluptatem pariatur tempora. Quia quaerat qui occaecati quas.', 5, '2023-05-28 19:40:05', '2023-05-28 19:40:05'),
(233, 24, 'Prof. Eddie Parker Sr.', 'Doloribus vel illo qui facere qui minus dolores. Tempora praesentium itaque debitis est itaque sunt. Et omnis laboriosam odio ratione temporibus non ea. Rerum ut facere libero.', 2, '2023-05-28 19:40:05', '2023-05-28 19:40:05'),
(234, 18, 'Mrs. Katlynn Smith', 'Explicabo ut est libero et aut eum. Sit impedit facere repudiandae qui iste. Saepe officia sit commodi consectetur alias ullam et. Dignissimos aspernatur sunt dignissimos quis itaque sapiente vero.', 5, '2023-05-28 19:40:05', '2023-05-28 19:40:05'),
(235, 16, 'Emilio Becker', 'Eaque velit quos fugiat fugit. Sed rem vitae id tenetur molestias nostrum sed in.', 3, '2023-05-28 19:40:05', '2023-05-28 19:40:05'),
(236, 46, 'Melvina Kuhn', 'Quae et non odio officiis ut suscipit ab quia. Fugiat labore et quos dolores ab.', 2, '2023-05-28 19:40:05', '2023-05-28 19:40:05'),
(237, 6, 'Weston Durgan', 'Sequi exercitationem alias qui tenetur sed. Sed cupiditate expedita suscipit et rerum. Sed dolorum possimus autem omnis. Asperiores eius et ea totam.', 1, '2023-05-28 19:40:05', '2023-05-28 19:40:05'),
(238, 39, 'Sabryna Bogan Sr.', 'Quo et commodi doloremque tenetur ut molestiae aperiam. Aut qui qui ullam eveniet id et beatae. In qui rerum magnam consectetur.', 3, '2023-05-28 19:40:05', '2023-05-28 19:40:05'),
(239, 49, 'Ms. Myriam Schuppe', 'Commodi blanditiis omnis accusamus eligendi vel ea. Mollitia magni autem sint rerum ipsam repudiandae quis a. Repudiandae eos qui autem earum perferendis.', 4, '2023-05-28 19:40:05', '2023-05-28 19:40:05'),
(240, 25, 'Esteban Mueller I', 'Laudantium est quia voluptate ipsa enim voluptatum praesentium voluptatum. Culpa libero blanditiis et deleniti voluptas occaecati. Odit aut et doloribus dolores est distinctio temporibus. Iusto est tempora ea rerum aliquam occaecati.', 2, '2023-05-28 19:40:05', '2023-05-28 19:40:05'),
(241, 36, 'Prof. Quincy Gusikowski III', 'Dolores voluptas in id. Sit rerum porro ullam facere. Laborum blanditiis qui dicta et quia doloremque quo.', 3, '2023-05-28 19:40:05', '2023-05-28 19:40:05'),
(242, 30, 'Darrel Nicolas', 'Vel nobis consequatur voluptatum quo. Hic sit doloremque repudiandae qui necessitatibus nostrum iusto. Cum dolores quas atque officiis. Quae ut commodi unde aut.', 2, '2023-05-28 19:40:05', '2023-05-28 19:40:05'),
(243, 46, 'Nelson Funk', 'Explicabo quasi corrupti repellendus enim ea enim. Sint veniam cumque eos. Blanditiis optio sint sequi corrupti et quae.', 3, '2023-05-28 19:40:05', '2023-05-28 19:40:05'),
(244, 10, 'Demetris Turner', 'Accusamus nihil tempora molestias quia quam optio totam. Dignissimos soluta corrupti quia dicta. Et rerum distinctio soluta quia.', 2, '2023-05-28 19:40:05', '2023-05-28 19:40:05'),
(245, 7, 'Frances Pagac', 'Aut rem et accusamus quisquam eius reprehenderit sed distinctio. Qui quae eaque officia totam facere ut. Iste excepturi consequuntur consectetur eligendi rem. Voluptates ad et quibusdam qui ea omnis nihil. Impedit et dignissimos perferendis in voluptatem odio voluptate et.', 0, '2023-05-28 19:40:05', '2023-05-28 19:40:05'),
(246, 5, 'Chauncey Hammes', 'Consequatur perferendis et vel consequatur aperiam laboriosam ut. Recusandae optio itaque enim saepe quod. Aut numquam quis voluptas necessitatibus qui.', 5, '2023-05-28 19:40:05', '2023-05-28 19:40:05'),
(247, 34, 'Americo Jacobson MD', 'Magni maxime commodi nostrum blanditiis asperiores nihil. Dolores voluptates dolorem autem placeat. Recusandae sit iste fugiat odio quia autem molestiae. Iste temporibus nihil ea rerum.', 4, '2023-05-28 19:40:05', '2023-05-28 19:40:05'),
(248, 23, 'Delilah Carroll', 'Non nihil minus sequi inventore ipsa minus atque. Sed adipisci corporis ea molestiae iusto culpa quaerat explicabo. Inventore incidunt voluptates debitis iure. Porro asperiores sed animi sapiente corporis dolor.', 2, '2023-05-28 19:40:05', '2023-05-28 19:40:05'),
(249, 5, 'Jayne McClure Jr.', 'Sint amet hic aut qui sunt maxime nemo. Vitae rerum sed ut repellat omnis dolorum. Corrupti beatae quia tenetur. Beatae eos explicabo consectetur aliquid quia rerum corrupti. Cumque rerum rerum placeat optio sit.', 1, '2023-05-28 19:40:05', '2023-05-28 19:40:05'),
(250, 49, 'Maudie Bogisich PhD', 'Consequatur sit saepe a molestiae voluptatem. Quia sed voluptate quasi quas. Aperiam sit quos minus minus.', 2, '2023-05-28 19:40:05', '2023-05-28 19:40:05'),
(251, 50, 'Libby Rowe', 'Consequuntur laborum aut totam nihil omnis animi. Ad enim omnis blanditiis tempora eius vel. Hic adipisci expedita at recusandae sit. Quisquam ut aut perspiciatis. Voluptatem sunt et quia ut ducimus nemo accusantium sit.', 0, '2023-05-28 19:40:05', '2023-05-28 19:40:05'),
(252, 11, 'Verona Barrows', 'Et maxime explicabo alias omnis autem cupiditate vero. Qui consequatur sint velit in voluptates omnis. Aut sapiente aliquid ad facere mollitia. Sint quia dolores maiores impedit ipsam et distinctio.', 4, '2023-05-28 19:40:05', '2023-05-28 19:40:05'),
(253, 43, 'Ronaldo Goyette', 'Expedita necessitatibus dicta eos eligendi placeat repellat fuga laboriosam. Nihil porro eum non atque accusamus minus expedita quia. Labore enim voluptate et officiis mollitia et. Ut sit incidunt corporis vel distinctio ad.', 1, '2023-05-28 19:40:05', '2023-05-28 19:40:05'),
(254, 14, 'Tad Hand', 'Consequatur saepe aut et rerum et. Est sunt at qui voluptatem nesciunt. Facere rerum inventore consectetur enim molestiae aut. Aliquid distinctio voluptatum iste sed.', 4, '2023-05-28 19:40:05', '2023-05-28 19:40:05'),
(255, 14, 'Prof. Issac Tillman', 'Et harum incidunt est repellendus natus dolor. Et enim voluptas iure quia. Inventore rerum et illum est.', 3, '2023-05-28 19:40:05', '2023-05-28 19:40:05'),
(256, 50, 'Leda Smitham', 'Quidem architecto ad quia et quidem fugit. Magnam rerum ut magnam. Aut provident aut repellat dolor qui quos. Excepturi commodi sit dignissimos dolore asperiores cum. Qui voluptatem voluptatum non voluptas.', 0, '2023-05-28 19:40:05', '2023-05-28 19:40:05'),
(257, 29, 'Alexandrea Casper', 'Quae est nam harum beatae est sit ipsum. Pariatur consequatur eaque veniam sed. Quibusdam porro voluptas asperiores odio ipsam a. Ipsum ad labore qui perferendis quas.', 2, '2023-05-28 19:40:05', '2023-05-28 19:40:05'),
(258, 48, 'Shanie Volkman', 'Provident saepe excepturi facere enim. Et itaque qui soluta repellendus.', 4, '2023-05-28 19:40:05', '2023-05-28 19:40:05'),
(259, 29, 'Ms. Dolly Kunde', 'Nemo sit ratione minima cum. Quibusdam odio ut ex inventore. Tempora ratione sint at cum natus esse numquam. Dicta a optio cupiditate voluptates velit aut mollitia ut.', 0, '2023-05-28 19:40:05', '2023-05-28 19:40:05'),
(260, 45, 'Mrs. Irma Runolfsson', 'Debitis porro est asperiores accusantium magni alias sed. Dolorum nihil odit facere asperiores dolore explicabo et. Voluptatem aliquid nihil atque consectetur asperiores. Beatae qui quia quas quam voluptatem ut quod. Ut reiciendis illum rerum adipisci.', 2, '2023-05-28 19:40:05', '2023-05-28 19:40:05'),
(261, 1, 'Evan Gleason', 'Ea rerum culpa laboriosam nobis. Quisquam reiciendis et illum ea. Rerum unde rerum aut.', 5, '2023-05-28 19:40:05', '2023-05-28 19:40:05'),
(262, 33, 'Eleanora Schaefer', 'Aliquid corrupti enim harum nulla quam. Voluptatem similique enim soluta nisi unde. Totam quam ea magnam ab sed numquam quibusdam corporis. Cupiditate dolor quia aut maiores sit adipisci mollitia.', 2, '2023-05-28 19:40:05', '2023-05-28 19:40:05'),
(263, 45, 'Trever Reilly', 'Omnis et assumenda laudantium maiores molestiae. Autem id quam pariatur nihil aut a praesentium. Amet nihil nemo ut consequatur. Nihil nobis rerum blanditiis culpa et qui assumenda.', 0, '2023-05-28 19:40:05', '2023-05-28 19:40:05'),
(264, 8, 'Mrs. Margaretta Mante Jr.', 'Deserunt labore iure laudantium soluta inventore accusamus et. Quod distinctio rem vel est ipsam labore. Quasi quidem vero consequuntur odio.', 4, '2023-05-28 19:40:05', '2023-05-28 19:40:05'),
(265, 35, 'Ettie Streich MD', 'Aut unde quia tempora qui id culpa et. Culpa aut quia numquam dolor cum eius quia possimus. Aut nostrum aut necessitatibus fugiat. Quos quidem quasi dicta omnis ut et qui qui.', 1, '2023-05-28 19:40:05', '2023-05-28 19:40:05'),
(266, 48, 'Wayne Bosco', 'Id et debitis minus corrupti. Consequuntur qui fuga ut tempore est aliquam ipsa. Facere et nobis quos totam aut et deserunt.', 0, '2023-05-28 19:40:05', '2023-05-28 19:40:05'),
(267, 3, 'Abner Legros', 'Occaecati et facere recusandae. Aspernatur modi rerum perspiciatis expedita et dolorum omnis. Voluptas corrupti voluptas eius ut fugiat vero.', 0, '2023-05-28 19:40:05', '2023-05-28 19:40:05'),
(268, 10, 'Rodolfo Fay', 'Odit dolor at quae non consequuntur ut in. Eius eveniet ipsum quo consequuntur. Ut neque impedit quia ut perferendis. Voluptatum eligendi expedita aut voluptatem quo impedit vel. Repudiandae eum omnis asperiores ea magni velit.', 0, '2023-05-28 19:40:05', '2023-05-28 19:40:05'),
(269, 45, 'Ceasar D\'Amore', 'Vitae est rerum expedita. Dolorem quae voluptas et officiis eos. Esse minus esse autem non deleniti quis. Et rerum illum nisi quod iste ipsam et ducimus.', 2, '2023-05-28 19:40:05', '2023-05-28 19:40:05'),
(270, 8, 'Ulises Leuschke V', 'Et magnam reiciendis sapiente cumque. Et officia ratione optio blanditiis dolorem facere. Voluptates qui adipisci iste officiis occaecati ut nostrum tempora. Magnam accusantium maiores saepe laborum autem aliquam recusandae.', 1, '2023-05-28 19:40:05', '2023-05-28 19:40:05'),
(271, 14, 'Prof. Osbaldo Krajcik PhD', 'Quidem laborum sunt dolor autem saepe temporibus enim. Non a et soluta nam ullam sint.', 2, '2023-05-28 19:40:05', '2023-05-28 19:40:05'),
(272, 3, 'Prof. Billy Hegmann PhD', 'Omnis alias odit suscipit voluptatem. Hic magni quasi ab cum porro nesciunt. Quisquam cupiditate illo blanditiis quia dignissimos mollitia explicabo. Aliquam possimus et quo dolorem.', 1, '2023-05-28 19:40:05', '2023-05-28 19:40:05'),
(273, 33, 'Dr. Daryl Goyette', 'Porro doloremque placeat voluptates sunt. Ut est a perferendis eligendi neque. Officia accusamus sed nam harum. Corrupti deleniti beatae culpa quas quis.', 0, '2023-05-28 19:40:05', '2023-05-28 19:40:05'),
(274, 37, 'Ellie Wilderman', 'Sint quia occaecati et sunt id. Vel ea delectus molestiae quos sint ex accusantium enim. Vero minus unde et amet consequuntur. Vel officia error odio unde.', 1, '2023-05-28 19:40:05', '2023-05-28 19:40:05'),
(275, 8, 'Mrs. Hosea Kreiger', 'Maxime voluptatem temporibus architecto incidunt officiis velit. Quod consectetur iure tempore necessitatibus perspiciatis. Accusamus voluptas quam repudiandae ea neque hic. Maxime accusantium quidem et aut esse enim odit iure.', 2, '2023-05-28 19:40:05', '2023-05-28 19:40:05'),
(276, 12, 'General Quitzon', 'Debitis accusantium repudiandae assumenda ut. Ipsum qui eius eos consequuntur rerum repudiandae enim. Quam laudantium qui non voluptatem ex. Minima est sit quia vel velit aliquid.', 4, '2023-05-28 19:40:05', '2023-05-28 19:40:05'),
(277, 43, 'Estevan Skiles', 'Nam sint voluptatem tenetur est. Quod nulla qui facilis adipisci ad dolor magnam. Maiores aspernatur excepturi repellendus ullam eveniet ut laborum.', 3, '2023-05-28 19:40:05', '2023-05-28 19:40:05'),
(278, 23, 'Leonor Lakin', 'Totam ducimus sed maiores blanditiis. Ut sint optio deleniti delectus autem eum. Dolor neque repellat sed et aspernatur sequi at. Aperiam incidunt officia sed id dolores eum.', 3, '2023-05-28 19:40:05', '2023-05-28 19:40:05'),
(279, 7, 'Cortney Gerlach', 'Magnam explicabo dolorum dignissimos amet ut voluptas voluptatum. Maiores eveniet molestiae dolorem consectetur est dolorem est. Ullam neque aut tenetur quo.', 5, '2023-05-28 19:40:05', '2023-05-28 19:40:05'),
(280, 10, 'Cecelia Bahringer', 'Vel tempore est sunt consequatur et. A reprehenderit necessitatibus voluptas et repellendus quia. In aut rem laborum accusamus.', 3, '2023-05-28 19:40:05', '2023-05-28 19:40:05'),
(281, 32, 'Chanel Mayer', 'Perspiciatis et doloribus deleniti sapiente eveniet sed. Voluptas enim numquam eveniet. Est ut est dolor ut reiciendis accusantium. In ut magni qui ad nihil modi est.', 0, '2023-05-28 19:40:05', '2023-05-28 19:40:05'),
(282, 1, 'Neal Marvin', 'Enim dicta est sequi reprehenderit molestias similique. Quia ad exercitationem et tenetur voluptas earum sunt. Distinctio corrupti vel labore alias quia.', 2, '2023-05-28 19:40:05', '2023-05-28 19:40:05'),
(283, 14, 'Prof. Terrence Hintz V', 'Similique consequuntur perspiciatis laboriosam atque. Illum repellendus dolorum modi aut. Eligendi vel esse et voluptas ratione dolor sequi.', 2, '2023-05-28 19:40:05', '2023-05-28 19:40:05'),
(284, 9, 'Dr. Abigale Schimmel', 'Asperiores et architecto vel eligendi minima ullam. Ut ut et aut eveniet voluptas et quas occaecati. Error dolor quia exercitationem aliquid ut. Aut cumque porro cupiditate sed et nisi culpa.', 0, '2023-05-28 19:40:05', '2023-05-28 19:40:05'),
(285, 2, 'Esmeralda Hamill', 'Facere aut minima omnis qui est voluptas animi. Quia ut quam voluptatem eos est voluptates ut sequi. Soluta possimus dignissimos et maiores.', 1, '2023-05-28 19:40:05', '2023-05-28 19:40:05'),
(286, 16, 'Deborah Casper', 'Cumque nisi in fugit commodi quasi reprehenderit officia. Odio deserunt exercitationem similique et iure veniam. Vitae qui dolores voluptatem tenetur iste qui. Porro itaque fugit sunt sunt soluta voluptatem qui.', 5, '2023-05-28 19:40:05', '2023-05-28 19:40:05'),
(287, 41, 'Curt Koepp', 'Dolores animi veniam sit quaerat sed voluptatum similique. Enim at repudiandae sint numquam pariatur consequatur officia. Dolorum dolores aspernatur voluptas explicabo et.', 3, '2023-05-28 19:40:05', '2023-05-28 19:40:05'),
(288, 29, 'Prof. Vidal Jast IV', 'Unde cumque impedit sunt maiores accusamus recusandae. Possimus vero qui fugit qui repellendus. A ullam et incidunt quia. Magni voluptatem et earum.', 3, '2023-05-28 19:40:05', '2023-05-28 19:40:05'),
(289, 40, 'Adelle Jacobi', 'Non eligendi natus cupiditate assumenda temporibus repellat. Rem a enim minus. Voluptatem commodi sit atque nostrum.', 2, '2023-05-28 19:40:05', '2023-05-28 19:40:05'),
(290, 15, 'Manuela Terry II', 'Voluptatem veniam sapiente quo illo debitis exercitationem libero expedita. Earum quidem dolorem inventore enim similique. Ut quibusdam accusantium est omnis ex.', 4, '2023-05-28 19:40:05', '2023-05-28 19:40:05'),
(291, 30, 'Joyce Zieme Jr.', 'Est earum aut nihil. Suscipit et rem rerum iste molestias aperiam non. Quisquam fugiat quaerat id consequatur ab. Rerum explicabo non non et.', 1, '2023-05-28 19:40:05', '2023-05-28 19:40:05'),
(292, 49, 'Prof. Christian Witting', 'Sapiente dolor molestias quae rem iure qui soluta. Repellendus eum necessitatibus eos aspernatur aliquid. Commodi iste et ad eum. Dolores ut exercitationem perspiciatis qui omnis nulla ipsum.', 2, '2023-05-28 19:40:05', '2023-05-28 19:40:05'),
(293, 44, 'Mrs. Vivian Padberg', 'Sapiente autem aliquam a nostrum recusandae rem consequatur. Aliquam iure maxime voluptate. Iusto tempore quia saepe fugit quisquam praesentium atque.', 1, '2023-05-28 19:40:05', '2023-05-28 19:40:05'),
(294, 50, 'Hilda Sporer', 'Est sed in enim dicta atque et quo. Dicta temporibus voluptate maiores. Esse rerum similique omnis sunt dignissimos eum ut ut.', 5, '2023-05-28 19:40:05', '2023-05-28 19:40:05'),
(295, 20, 'Liza Abernathy', 'Aliquam corrupti numquam odit. Quia et rerum molestiae ut ipsa voluptatem. Sed blanditiis molestias quis laborum recusandae omnis cum delectus. Provident consectetur velit dicta.', 1, '2023-05-28 19:40:05', '2023-05-28 19:40:05'),
(296, 38, 'Miss Dena Fadel', 'Qui facere dignissimos aspernatur animi. Voluptate perspiciatis quasi sit qui sapiente ullam harum earum. Est aliquam esse aut sunt nostrum.', 2, '2023-05-28 19:40:05', '2023-05-28 19:40:05'),
(297, 3, 'Mrs. Dena Mueller', 'Mollitia explicabo recusandae cumque facilis possimus. Similique sit eos maxime in. Quia eveniet quis aut voluptas dolores.', 0, '2023-05-28 19:40:05', '2023-05-28 19:40:05'),
(298, 25, 'Jackson Fay', 'Est est incidunt et in repudiandae molestias. Ut quaerat nemo at eos. Ut voluptates occaecati mollitia voluptas tempore labore.', 5, '2023-05-28 19:40:05', '2023-05-28 19:40:05'),
(299, 47, 'Hattie Lubowitz', 'Aut quam nemo nam ab ipsa facilis quo. Qui labore facere molestiae numquam. Perferendis voluptas eius vitae perspiciatis hic suscipit sit repellat. Voluptas placeat rerum dolor aperiam aliquid iure sed.', 5, '2023-05-28 19:40:05', '2023-05-28 19:40:05'),
(300, 9, 'Brisa Jones', 'Quas facilis aspernatur qui eos aut earum asperiores eos. Sunt eaque consequuntur voluptas consequatur. Aliquid alias placeat necessitatibus voluptatum.', 3, '2023-05-28 19:40:05', '2023-05-28 19:40:05');

-- --------------------------------------------------------

--
-- Table structure for table `users`
--

CREATE TABLE `users` (
  `id` bigint(20) UNSIGNED NOT NULL,
  `name` varchar(255) COLLATE utf8mb4_unicode_ci NOT NULL,
  `email` varchar(255) COLLATE utf8mb4_unicode_ci NOT NULL,
  `email_verified_at` timestamp NULL DEFAULT NULL,
  `password` varchar(255) COLLATE utf8mb4_unicode_ci NOT NULL,
  `remember_token` varchar(100) COLLATE utf8mb4_unicode_ci DEFAULT NULL,
  `created_at` timestamp NULL DEFAULT NULL,
  `updated_at` timestamp NULL DEFAULT NULL
) ENGINE=InnoDB DEFAULT CHARSET=utf8mb4 COLLATE=utf8mb4_unicode_ci;

--
-- Indexes for dumped tables
--

--
-- Indexes for table `failed_jobs`
--
ALTER TABLE `failed_jobs`
  ADD PRIMARY KEY (`id`),
  ADD UNIQUE KEY `failed_jobs_uuid_unique` (`uuid`);

--
-- Indexes for table `migrations`
--
ALTER TABLE `migrations`
  ADD PRIMARY KEY (`id`);

--
-- Indexes for table `password_reset_tokens`
--
ALTER TABLE `password_reset_tokens`
  ADD PRIMARY KEY (`email`);

--
-- Indexes for table `personal_access_tokens`
--
ALTER TABLE `personal_access_tokens`
  ADD PRIMARY KEY (`id`),
  ADD UNIQUE KEY `personal_access_tokens_token_unique` (`token`),
  ADD KEY `personal_access_tokens_tokenable_type_tokenable_id_index` (`tokenable_type`,`tokenable_id`);

--
-- Indexes for table `products`
--
ALTER TABLE `products`
  ADD PRIMARY KEY (`id`);

--
-- Indexes for table `reviews`
--
ALTER TABLE `reviews`
  ADD PRIMARY KEY (`id`),
  ADD KEY `reviews_product_id_index` (`product_id`);

--
-- Indexes for table `users`
--
ALTER TABLE `users`
  ADD PRIMARY KEY (`id`),
  ADD UNIQUE KEY `users_email_unique` (`email`);

--
-- AUTO_INCREMENT for dumped tables
--

--
-- AUTO_INCREMENT for table `failed_jobs`
--
ALTER TABLE `failed_jobs`
  MODIFY `id` bigint(20) UNSIGNED NOT NULL AUTO_INCREMENT;

--
-- AUTO_INCREMENT for table `migrations`
--
ALTER TABLE `migrations`
  MODIFY `id` int(10) UNSIGNED NOT NULL AUTO_INCREMENT, AUTO_INCREMENT=7;

--
-- AUTO_INCREMENT for table `personal_access_tokens`
--
ALTER TABLE `personal_access_tokens`
  MODIFY `id` bigint(20) UNSIGNED NOT NULL AUTO_INCREMENT;

--
-- AUTO_INCREMENT for table `products`
--
ALTER TABLE `products`
  MODIFY `id` bigint(20) UNSIGNED NOT NULL AUTO_INCREMENT, AUTO_INCREMENT=51;

--
-- AUTO_INCREMENT for table `reviews`
--
ALTER TABLE `reviews`
  MODIFY `id` bigint(20) UNSIGNED NOT NULL AUTO_INCREMENT, AUTO_INCREMENT=301;

--
-- AUTO_INCREMENT for table `users`
--
ALTER TABLE `users`
  MODIFY `id` bigint(20) UNSIGNED NOT NULL AUTO_INCREMENT;

--
-- Constraints for dumped tables
--

--
-- Constraints for table `reviews`
--
ALTER TABLE `reviews`
  ADD CONSTRAINT `reviews_product_id_foreign` FOREIGN KEY (`product_id`) REFERENCES `products` (`id`) ON DELETE CASCADE;
COMMIT;

/*!40101 SET CHARACTER_SET_CLIENT=@OLD_CHARACTER_SET_CLIENT */;
/*!40101 SET CHARACTER_SET_RESULTS=@OLD_CHARACTER_SET_RESULTS */;
/*!40101 SET COLLATION_CONNECTION=@OLD_COLLATION_CONNECTION */;
